Rolling 7 day,SSV Token Holders,Change in 1 Day,Date
+16🔼,5889,0,2024-09-02 00:00:00
+23⏫,5889,2,2024-09-01 00:00:00
+19🔼,5887,0,2024-08-31 00:00:00
+27⏫,5887,14,2024-08-30 00:00:00
+10🔼,5873,2,2024-08-29 00:00:00
+16🔼,5871,3,2024-08-28 00:00:00
+15🔼,5868,-5,2024-08-27 00:00:00
+21⏫,5873,7,2024-08-26 00:00:00
+13🔼,5866,-2,2024-08-25 00:00:00
+21⏫,5868,8,2024-08-24 00:00:00
+19🔼,5860,-3,2024-08-23 00:00:00
+26⏫,5863,8,2024-08-22 00:00:00
+11🔼,5855,2,2024-08-21 00:00:00
+21⏫,5853,1,2024-08-20 00:00:00
+30⏫,5852,-1,2024-08-19 00:00:00
+36⏫,5853,6,2024-08-18 00:00:00
+31⏫,5847,6,2024-08-17 00:00:00
+23⏫,5841,4,2024-08-16 00:00:00
+23⏫,5837,-7,2024-08-15 00:00:00
+43⏫,5844,12,2024-08-14 00:00:00
+37⏫,5832,10,2024-08-13 00:00:00
+25⏫,5822,5,2024-08-12 00:00:00
+22⏫,5817,1,2024-08-11 00:00:00
+24⏫,5816,-2,2024-08-10 00:00:00
+27⏫,5818,4,2024-08-09 00:00:00
+34⏫,5814,13,2024-08-08 00:00:00
+26⏫,5801,6,2024-08-07 00:00:00
+25⏫,5795,-2,2024-08-06 00:00:00
+30⏫,5797,2,2024-08-05 00:00:00
+32⏫,5795,3,2024-08-04 00:00:00
+34⏫,5792,1,2024-08-03 00:00:00
+31⏫,5791,11,2024-08-02 00:00:00
+26⏫,5780,5,2024-08-01 00:00:00
+28⏫,5775,5,2024-07-31 00:00:00
+30⏫,5770,3,2024-07-30 00:00:00
+39⏫,5767,4,2024-07-29 00:00:00
+37⏫,5763,5,2024-07-28 00:00:00
+34⏫,5758,-2,2024-07-27 00:00:00
+46⏫,5760,6,2024-07-26 00:00:00
+43⏫,5754,7,2024-07-25 00:00:00
+22⏫,5747,7,2024-07-24 00:00:00
+31⏫,5740,12,2024-07-23 00:00:00
+37⏫,5728,2,2024-07-22 00:00:00
🔥+62🔥,5726,2,2024-07-21 00:00:00
🔥+81🔥,5724,10,2024-07-20 00:00:00
+113🚀,5714,3,2024-07-19 00:00:00
+183🚀,5711,-14,2024-07-18 00:00:00
+199🚀,5725,16,2024-07-17 00:00:00
+185🚀,5709,18,2024-07-16 00:00:00
+162🚀,5691,27,2024-07-15 00:00:00
+136🚀,5664,21,2024-07-14 00:00:00
+104🚀,5643,42,2024-07-13 00:00:00
🔥+60🔥,5601,73,2024-07-12 00:00:00
-8🔽,5528,2,2024-07-11 00:00:00
-38⏬,5526,2,2024-07-10 00:00:00
-39⏬,5524,-5,2024-07-09 00:00:00
-31⏬,5529,1,2024-07-08 00:00:00
-29⏬,5528,-11,2024-07-07 00:00:00
-19🔽,5539,-2,2024-07-06 00:00:00
-33⏬,5541,5,2024-07-05 00:00:00
-45⏬,5536,-28,2024-07-04 00:00:00
-30⏬,5564,1,2024-07-03 00:00:00
🚀+949🤯,5563,3,2024-07-02 00:00:00
🚀+944🤯,5560,3,2024-07-01 00:00:00
🚀+953🤯,5557,-1,2024-06-30 00:00:00
🚀+964🤯,5558,-16,2024-06-29 00:00:00
🚀+981🤯,5574,-7,2024-06-28 00:00:00
🚀+997🤯,5581,-13,2024-06-27 00:00:00
🚀+1010🤯,5594,980,2024-06-26 00:00:00
+32⏫,4614,-2,2024-06-25 00:00:00
+49⏫,4616,12,2024-06-24 00:00:00
+38⏫,4604,10,2024-06-23 00:00:00
+30⏫,4594,1,2024-06-22 00:00:00
+21⏫,4593,9,2024-06-21 00:00:00
+13🔼,4584,0,2024-06-20 00:00:00
+3🔼,4584,2,2024-06-19 00:00:00
+11🔼,4582,15,2024-06-18 00:00:00
+1🔼,4567,1,2024-06-17 00:00:00
+22⏫,4566,2,2024-06-16 00:00:00
+24⏫,4564,-8,2024-06-15 00:00:00
+33⏫,4572,1,2024-06-14 00:00:00
+35⏫,4571,-10,2024-06-13 00:00:00
+47⏫,4581,10,2024-06-12 00:00:00
+45⏫,4571,5,2024-06-11 00:00:00
+38⏫,4566,22,2024-06-10 00:00:00
+12🔼,4544,4,2024-06-09 00:00:00
+14🔼,4540,1,2024-06-08 00:00:00
+14🔼,4539,3,2024-06-07 00:00:00
+22⏫,4536,2,2024-06-06 00:00:00
+21⏫,4534,8,2024-06-05 00:00:00
+22⏫,4526,-2,2024-06-04 00:00:00
+32⏫,4528,-4,2024-06-03 00:00:00
+42⏫,4532,6,2024-06-02 00:00:00
+43⏫,4526,1,2024-06-01 00:00:00
🔥+56🔥,4525,11,2024-05-31 00:00:00
+44⏫,4514,1,2024-05-30 00:00:00
🔥+64🔥,4513,9,2024-05-29 00:00:00
🔥+71🔥,4504,8,2024-05-28 00:00:00
🔥+77🔥,4496,6,2024-05-27 00:00:00
🔥+85🔥,4490,7,2024-05-26 00:00:00
🔥+90🔥,4483,14,2024-05-25 00:00:00
🔥+86🔥,4469,-1,2024-05-24 00:00:00
🔥+91🔥,4470,21,2024-05-23 00:00:00
🔥+70🔥,4449,16,2024-05-22 00:00:00
🔥+64🔥,4433,14,2024-05-21 00:00:00
🔥+54🔥,4419,14,2024-05-20 00:00:00
+44⏫,4405,12,2024-05-19 00:00:00
+37⏫,4393,10,2024-05-18 00:00:00
+41⏫,4383,4,2024-05-17 00:00:00
🔥+51🔥,4379,0,2024-05-16 00:00:00
🔥+57🔥,4379,10,2024-05-15 00:00:00
🔥+52🔥,4369,4,2024-05-14 00:00:00
+49⏫,4365,4,2024-05-13 00:00:00
+48⏫,4361,5,2024-05-12 00:00:00
+49⏫,4356,14,2024-05-11 00:00:00
+32⏫,4342,14,2024-05-10 00:00:00
+30⏫,4328,6,2024-05-09 00:00:00
+34⏫,4322,5,2024-05-08 00:00:00
+31⏫,4317,1,2024-05-07 00:00:00
+40⏫,4316,3,2024-05-06 00:00:00
🔥+50🔥,4313,6,2024-05-05 00:00:00
🔥+50🔥,4307,-3,2024-05-04 00:00:00
🔥+67🔥,4310,12,2024-05-03 00:00:00
🔥+58🔥,4298,10,2024-05-02 00:00:00
🔥+53🔥,4288,2,2024-05-01 00:00:00
+49⏫,4286,10,2024-04-30 00:00:00
+37⏫,4276,13,2024-04-29 00:00:00
+39⏫,4263,6,2024-04-28 00:00:00
+42⏫,4257,14,2024-04-27 00:00:00
+36⏫,4243,3,2024-04-26 00:00:00
+49⏫,4240,5,2024-04-25 00:00:00
+47⏫,4235,-2,2024-04-24 00:00:00
🔥+52🔥,4237,-2,2024-04-23 00:00:00
+69😏,4239,15,2024-04-22 00:00:00
🔥+61🔥,4224,9,2024-04-21 00:00:00
🔥+60🔥,4215,8,2024-04-20 00:00:00
🔥+57🔥,4207,16,2024-04-19 00:00:00
🔥+55🔥,4191,3,2024-04-18 00:00:00
🔥+60🔥,4188,3,2024-04-17 00:00:00
🔥+68🔥,4185,15,2024-04-16 00:00:00
🔥+59🔥,4170,7,2024-04-15 00:00:00
🔥+64🔥,4163,8,2024-04-14 00:00:00
🔥+61🔥,4155,5,2024-04-13 00:00:00
🔥+63🔥,4150,14,2024-04-12 00:00:00
🔥+61🔥,4136,8,2024-04-11 00:00:00
🔥+57🔥,4128,11,2024-04-10 00:00:00
🔥+61🔥,4117,6,2024-04-09 00:00:00
🔥+62🔥,4111,12,2024-04-08 00:00:00
🔥+54🔥,4099,5,2024-04-07 00:00:00
🔥+53🔥,4094,7,2024-04-06 00:00:00
🔥+63🔥,4087,12,2024-04-05 00:00:00
🔥+68🔥,4075,4,2024-04-04 00:00:00
🔥+87🔥,4071,15,2024-04-03 00:00:00
🔥+95🔥,4056,7,2024-04-02 00:00:00
+122🚀,4049,4,2024-04-01 00:00:00
+127🚀,4045,4,2024-03-31 00:00:00
+129🚀,4041,17,2024-03-30 00:00:00
+126🚀,4024,17,2024-03-29 00:00:00
+121🚀,4007,23,2024-03-28 00:00:00
+113🚀,3984,23,2024-03-27 00:00:00
+106🚀,3961,34,2024-03-26 00:00:00
🔥+61🔥,3927,9,2024-03-25 00:00:00
🔥+57🔥,3918,6,2024-03-24 00:00:00
🔥+53🔥,3912,14,2024-03-23 00:00:00
🔥+50🔥,3898,12,2024-03-22 00:00:00
+48⏫,3886,15,2024-03-21 00:00:00
+37⏫,3871,16,2024-03-20 00:00:00
🔥+63🔥,3855,-11,2024-03-19 00:00:00
+114🚀,3866,5,2024-03-18 00:00:00
+124🚀,3861,2,2024-03-17 00:00:00
+137🚀,3859,11,2024-03-16 00:00:00
+147🚀,3848,10,2024-03-15 00:00:00
+139🚀,3838,4,2024-03-14 00:00:00
+138🚀,3834,42,2024-03-13 00:00:00
+101🚀,3792,40,2024-03-12 00:00:00
🔥+98🔥,3752,15,2024-03-11 00:00:00
🔥+89🔥,3737,15,2024-03-10 00:00:00
🔥+77🔥,3722,21,2024-03-09 00:00:00
🔥+80🔥,3701,2,2024-03-08 00:00:00
🔥+76🔥,3699,3,2024-03-07 00:00:00
🔥+87🔥,3696,5,2024-03-06 00:00:00
🔥+90🔥,3691,37,2024-03-05 00:00:00
🔥+66🔥,3654,6,2024-03-04 00:00:00
🔥+80🔥,3648,3,2024-03-03 00:00:00
🔥+95🔥,3645,24,2024-03-02 00:00:00
+101🚀,3621,-2,2024-03-01 00:00:00
+115🚀,3623,14,2024-02-29 00:00:00
🔥+95🔥,3609,8,2024-02-28 00:00:00
🔥+89🔥,3601,13,2024-02-27 00:00:00
🔥+73🔥,3588,20,2024-02-26 00:00:00
🔥+68🔥,3568,18,2024-02-25 00:00:00
+48⏫,3550,30,2024-02-24 00:00:00
+17🔼,3520,12,2024-02-23 00:00:00
+4🔼,3508,-6,2024-02-22 00:00:00
+12🔼,3514,2,2024-02-21 00:00:00
+12🔼,3512,-3,2024-02-20 00:00:00
+16🔼,3515,15,2024-02-19 00:00:00
+5🔼,3500,-2,2024-02-18 00:00:00
+7🔼,3502,-1,2024-02-17 00:00:00
+8🔼,3503,-1,2024-02-16 00:00:00
+11🔼,3504,2,2024-02-15 00:00:00
+3🔼,3502,2,2024-02-14 00:00:00
+7🔼,3500,1,2024-02-13 00:00:00
-2🔽,3499,4,2024-02-12 00:00:00
-1🔽,3495,0,2024-02-11 00:00:00
-12🔽,3495,0,2024-02-10 00:00:00
-14🔽,3495,2,2024-02-09 00:00:00
-15🔽,3493,-6,2024-02-08 00:00:00
-13🔽,3499,6,2024-02-07 00:00:00
-13🔽,3493,-8,2024-02-06 00:00:00
-6🔽,3501,5,2024-02-05 00:00:00
-4🔽,3496,-11,2024-02-04 00:00:00
+8🔼,3507,-2,2024-02-03 00:00:00
+13🔼,3509,1,2024-02-02 00:00:00
+16🔼,3508,-4,2024-02-01 00:00:00
+16🔼,3512,6,2024-01-31 00:00:00
+8🔼,3506,-1,2024-01-30 00:00:00
+15🔼,3507,7,2024-01-29 00:00:00
-4🔽,3500,1,2024-01-28 00:00:00
0🔽,3499,3,2024-01-27 00:00:00
-9🔽,3496,4,2024-01-26 00:00:00
-17🔽,3492,-4,2024-01-25 00:00:00
-20⏬,3496,-2,2024-01-24 00:00:00
-21⏬,3498,6,2024-01-23 00:00:00
-10🔽,3492,-12,2024-01-22 00:00:00
+1🔼,3504,5,2024-01-21 00:00:00
-5🔽,3499,-6,2024-01-20 00:00:00
+12🔼,3505,-4,2024-01-19 00:00:00
+24⏫,3509,-7,2024-01-18 00:00:00
🔥+64🔥,3516,-3,2024-01-17 00:00:00
+135🚀,3519,17,2024-01-16 00:00:00
+125🚀,3502,-1,2024-01-15 00:00:00
+140🚀,3503,-1,2024-01-14 00:00:00
+145🚀,3504,11,2024-01-13 00:00:00
+152🚀,3493,8,2024-01-12 00:00:00
+184🚀,3485,33,2024-01-11 00:00:00
🤯+237🚀,3452,68,2024-01-10 00:00:00
+178🚀,3384,7,2024-01-09 00:00:00
+191🚀,3377,14,2024-01-08 00:00:00
🤯+200🚀,3363,4,2024-01-07 00:00:00
🤯+212🚀,3359,18,2024-01-06 00:00:00
🤯+205🚀,3341,40,2024-01-05 00:00:00
+173🚀,3301,86,2024-01-04 00:00:00
+107🚀,3215,9,2024-01-03 00:00:00
+113🚀,3206,20,2024-01-02 00:00:00
🔥+97🔥,3186,23,2024-01-01 00:00:00
🔥+81🔥,3163,16,2023-12-31 00:00:00
🔥+67🔥,3147,11,2023-12-30 00:00:00
🔥+50🔥,3136,8,2023-12-29 00:00:00
+47⏫,3128,20,2023-12-28 00:00:00
+25⏫,3108,15,2023-12-27 00:00:00
+9🔼,3093,4,2023-12-26 00:00:00
+11🔼,3089,7,2023-12-25 00:00:00
+13🔼,3082,2,2023-12-24 00:00:00
+9🔼,3080,-6,2023-12-23 00:00:00
+16🔼,3086,5,2023-12-22 00:00:00
+5🔼,3081,-2,2023-12-21 00:00:00
+10🔼,3083,-1,2023-12-20 00:00:00
+13🔼,3084,6,2023-12-19 00:00:00
+18🔼,3078,9,2023-12-18 00:00:00
+12🔼,3069,-2,2023-12-17 00:00:00
+10🔼,3071,1,2023-12-16 00:00:00
+9🔼,3070,-6,2023-12-15 00:00:00
+7🔼,3076,3,2023-12-14 00:00:00
+14🔼,3073,2,2023-12-13 00:00:00
+11🔼,3071,11,2023-12-12 00:00:00
-5🔽,3060,3,2023-12-11 00:00:00
-3🔽,3057,-4,2023-12-10 00:00:00
+11🔼,3061,0,2023-12-09 00:00:00
+17🔼,3061,-8,2023-12-08 00:00:00
+26⏫,3069,10,2023-12-07 00:00:00
+28⏫,3059,-1,2023-12-06 00:00:00
+31⏫,3060,-5,2023-12-05 00:00:00
+36⏫,3065,5,2023-12-04 00:00:00
+41⏫,3060,10,2023-12-03 00:00:00
+36⏫,3050,6,2023-12-02 00:00:00
+36⏫,3044,1,2023-12-01 00:00:00
+43⏫,3043,12,2023-11-30 00:00:00
+45⏫,3031,2,2023-11-29 00:00:00
🔥+59🔥,3029,0,2023-11-28 00:00:00
🔥+72🔥,3029,10,2023-11-27 00:00:00
🔥+59🔥,3019,5,2023-11-26 00:00:00
🔥+61🔥,3014,6,2023-11-25 00:00:00
🔥+56🔥,3008,8,2023-11-24 00:00:00
🔥+54🔥,3000,14,2023-11-23 00:00:00
+39⏫,2986,16,2023-11-22 00:00:00
+29⏫,2970,13,2023-11-21 00:00:00
+27⏫,2957,-3,2023-11-20 00:00:00
+33⏫,2960,7,2023-11-19 00:00:00
+36⏫,2953,1,2023-11-18 00:00:00
+30⏫,2952,6,2023-11-17 00:00:00
+20⏫,2946,-1,2023-11-16 00:00:00
+37⏫,2947,6,2023-11-15 00:00:00
+36⏫,2941,11,2023-11-14 00:00:00
+36⏫,2930,3,2023-11-13 00:00:00
+41⏫,2927,10,2023-11-12 00:00:00
+31⏫,2917,-5,2023-11-11 00:00:00
+40⏫,2922,-4,2023-11-10 00:00:00
+49⏫,2926,16,2023-11-09 00:00:00
+29⏫,2910,5,2023-11-08 00:00:00
+34⏫,2905,11,2023-11-07 00:00:00
+8🔼,2894,8,2023-11-06 00:00:00
+2🔼,2886,0,2023-11-05 00:00:00
+5🔼,2886,4,2023-11-04 00:00:00
-2🔽,2882,5,2023-11-03 00:00:00
-4🔽,2877,-4,2023-11-02 00:00:00
+3🔼,2881,10,2023-11-01 00:00:00
-8🔽,2871,-15,2023-10-31 00:00:00
+1🔼,2886,2,2023-10-30 00:00:00
+2🔼,2884,3,2023-10-29 00:00:00
+20⏫,2881,-3,2023-10-28 00:00:00
+27⏫,2884,3,2023-10-27 00:00:00
+28⏫,2881,3,2023-10-26 00:00:00
+26⏫,2878,-1,2023-10-25 00:00:00
+28⏫,2879,-6,2023-10-24 00:00:00
+35⏫,2885,3,2023-10-23 00:00:00
+38⏫,2882,21,2023-10-22 00:00:00
+20⏫,2861,4,2023-10-21 00:00:00
+18🔼,2857,4,2023-10-20 00:00:00
+15🔼,2853,1,2023-10-19 00:00:00
+17🔼,2852,1,2023-10-18 00:00:00
0🔽,2851,1,2023-10-17 00:00:00
+3🔼,2850,6,2023-10-16 00:00:00
-1🔽,2844,3,2023-10-15 00:00:00
-2🔽,2841,2,2023-10-14 00:00:00
-6🔽,2839,1,2023-10-13 00:00:00
-4🔽,2838,3,2023-10-12 00:00:00
+2🔼,2835,-16,2023-10-11 00:00:00
+17🔼,2851,4,2023-10-10 00:00:00
+14🔼,2847,2,2023-10-09 00:00:00
+14🔼,2845,2,2023-10-08 00:00:00
+18🔼,2843,-2,2023-10-07 00:00:00
+25⏫,2845,3,2023-10-06 00:00:00
+24⏫,2842,9,2023-10-05 00:00:00
+21⏫,2833,-1,2023-10-04 00:00:00
+31⏫,2834,1,2023-10-03 00:00:00
+34⏫,2833,2,2023-10-02 00:00:00
+35⏫,2831,6,2023-10-01 00:00:00
+33⏫,2825,5,2023-09-30 00:00:00
+35⏫,2820,2,2023-09-29 00:00:00
+30⏫,2818,6,2023-09-28 00:00:00
+31⏫,2812,9,2023-09-27 00:00:00
+27⏫,2803,4,2023-09-26 00:00:00
+30⏫,2799,3,2023-09-25 00:00:00
+35⏫,2796,4,2023-09-24 00:00:00
+35⏫,2792,7,2023-09-23 00:00:00
+26⏫,2785,-3,2023-09-22 00:00:00
+29⏫,2788,7,2023-09-21 00:00:00
+19🔼,2781,5,2023-09-20 00:00:00
+15🔼,2776,7,2023-09-19 00:00:00
+11🔼,2769,8,2023-09-18 00:00:00
+5🔼,2761,4,2023-09-17 00:00:00
+5🔼,2757,-2,2023-09-16 00:00:00
+8🔼,2759,0,2023-09-15 00:00:00
+16🔼,2759,-3,2023-09-14 00:00:00
+28⏫,2762,1,2023-09-13 00:00:00
+29⏫,2761,3,2023-09-12 00:00:00
+34⏫,2758,2,2023-09-11 00:00:00
+32⏫,2756,4,2023-09-10 00:00:00
+29⏫,2752,1,2023-09-09 00:00:00
-20⏬,2751,8,2023-09-08 00:00:00
-28⏬,2743,9,2023-09-07 00:00:00
-34⏬,2734,2,2023-09-06 00:00:00
-37⏬,2732,8,2023-09-05 00:00:00
-42⏬,2724,0,2023-09-04 00:00:00
-40⏬,2724,1,2023-09-03 00:00:00
-39⏬,2723,-48,2023-09-02 00:00:00
+5🔼,2771,0,2023-09-01 00:00:00
+5🔼,2771,3,2023-08-31 00:00:00
+2🔼,2768,-1,2023-08-30 00:00:00
-1🔽,2769,3,2023-08-29 00:00:00
-25⏬,2766,2,2023-08-28 00:00:00
-27⏬,2764,2,2023-08-27 00:00:00
-32⏬,2762,-4,2023-08-26 00:00:00
-24⏬,2766,0,2023-08-25 00:00:00
-32⏬,2766,0,2023-08-24 00:00:00
-26⏬,2766,-4,2023-08-23 00:00:00
-16🔽,2770,-21,2023-08-22 00:00:00
-6🔽,2791,0,2023-08-21 00:00:00
-8🔽,2791,-3,2023-08-20 00:00:00
-10🔽,2794,4,2023-08-19 00:00:00
-9🔽,2790,-8,2023-08-18 00:00:00
+1🔼,2798,6,2023-08-17 00:00:00
-7🔽,2792,6,2023-08-16 00:00:00
-9🔽,2786,-11,2023-08-15 00:00:00
-1🔽,2797,-2,2023-08-14 00:00:00
+2🔼,2799,-5,2023-08-13 00:00:00
+12🔼,2804,5,2023-08-12 00:00:00
+14🔼,2799,2,2023-08-11 00:00:00
+18🔼,2797,-2,2023-08-10 00:00:00
+25⏫,2799,4,2023-08-09 00:00:00
+24⏫,2795,-3,2023-08-08 00:00:00
+21⏫,2798,1,2023-08-07 00:00:00
+27⏫,2797,5,2023-08-06 00:00:00
+27⏫,2792,7,2023-08-05 00:00:00
+24⏫,2785,6,2023-08-04 00:00:00
+24⏫,2779,5,2023-08-03 00:00:00
+19🔼,2774,3,2023-08-02 00:00:00
+22⏫,2771,-6,2023-08-01 00:00:00
+31⏫,2777,7,2023-07-31 00:00:00
+27⏫,2770,5,2023-07-30 00:00:00
+22⏫,2765,4,2023-07-29 00:00:00
+21⏫,2761,6,2023-07-28 00:00:00
+11🔼,2755,0,2023-07-27 00:00:00
+12🔼,2755,6,2023-07-26 00:00:00
+8🔼,2749,3,2023-07-25 00:00:00
+5🔼,2746,3,2023-07-24 00:00:00
+3🔼,2743,0,2023-07-23 00:00:00
+3🔼,2743,3,2023-07-22 00:00:00
+5🔼,2740,-4,2023-07-21 00:00:00
+12🔼,2744,1,2023-07-20 00:00:00
+15🔼,2743,2,2023-07-19 00:00:00
+16🔼,2741,0,2023-07-18 00:00:00
+30⏫,2741,1,2023-07-17 00:00:00
+34⏫,2740,0,2023-07-16 00:00:00
+38⏫,2740,5,2023-07-15 00:00:00
+45⏫,2735,3,2023-07-14 00:00:00
+49⏫,2732,4,2023-07-13 00:00:00
+48⏫,2728,3,2023-07-12 00:00:00
🔥+67🔥,2725,14,2023-07-11 00:00:00
🔥+57🔥,2711,5,2023-07-10 00:00:00
🔥+51🔥,2706,4,2023-07-09 00:00:00
+45⏫,2702,12,2023-07-08 00:00:00
+31⏫,2690,7,2023-07-07 00:00:00
+30⏫,2683,3,2023-07-06 00:00:00
+26⏫,2680,22,2023-07-05 00:00:00
+12🔼,2658,4,2023-07-04 00:00:00
+7🔼,2654,-1,2023-07-03 00:00:00
+7🔼,2655,-2,2023-07-02 00:00:00
+10🔼,2657,-2,2023-07-01 00:00:00
+10🔼,2659,6,2023-06-30 00:00:00
+8🔼,2653,-1,2023-06-29 00:00:00
+9🔼,2654,8,2023-06-28 00:00:00
+6🔼,2646,-1,2023-06-27 00:00:00
+8🔼,2647,-1,2023-06-26 00:00:00
+11🔼,2648,1,2023-06-25 00:00:00
+12🔼,2647,-2,2023-06-24 00:00:00
+19🔼,2649,4,2023-06-23 00:00:00
+24⏫,2645,0,2023-06-22 00:00:00
+28⏫,2645,5,2023-06-21 00:00:00
+36⏫,2640,1,2023-06-20 00:00:00
🔥+50🔥,2639,2,2023-06-19 00:00:00
🔥+59🔥,2637,2,2023-06-18 00:00:00
🔥+57🔥,2635,5,2023-06-17 00:00:00
🔥+94🔥,2630,9,2023-06-16 00:00:00
🔥+98🔥,2621,4,2023-06-15 00:00:00
+119🚀,2617,13,2023-06-14 00:00:00
+118🚀,2604,15,2023-06-13 00:00:00
+158🚀,2589,11,2023-06-12 00:00:00
+166🚀,2578,0,2023-06-11 00:00:00
+164🚀,2578,42,2023-06-10 00:00:00
+123🚀,2536,13,2023-06-09 00:00:00
+109🚀,2523,25,2023-06-08 00:00:00
🔥+87🔥,2498,12,2023-06-07 00:00:00
🔥+83🔥,2486,55,2023-06-06 00:00:00
+29⏫,2431,19,2023-06-05 00:00:00
+15🔼,2412,-2,2023-06-04 00:00:00
+19🔼,2414,1,2023-06-03 00:00:00
+19🔼,2413,-1,2023-06-02 00:00:00
+22⏫,2414,3,2023-06-01 00:00:00
+14🔼,2411,8,2023-05-31 00:00:00
+11🔼,2403,1,2023-05-30 00:00:00
+10🔼,2402,5,2023-05-29 00:00:00
+6🔼,2397,2,2023-05-28 00:00:00
+1🔼,2395,1,2023-05-27 00:00:00
0🔽,2394,2,2023-05-26 00:00:00
-3🔽,2392,-5,2023-05-25 00:00:00
+5🔼,2397,5,2023-05-24 00:00:00
+6🔼,2392,0,2023-05-23 00:00:00
+14🔼,2392,1,2023-05-22 00:00:00
+19🔼,2391,-3,2023-05-21 00:00:00
+24⏫,2394,0,2023-05-20 00:00:00
+13🔼,2394,-1,2023-05-19 00:00:00
+23⏫,2395,3,2023-05-18 00:00:00
+21⏫,2392,6,2023-05-17 00:00:00
+22⏫,2386,8,2023-05-16 00:00:00
+25⏫,2378,6,2023-05-15 00:00:00
+19🔼,2372,2,2023-05-14 00:00:00
+9🔼,2370,-11,2023-05-13 00:00:00
+26⏫,2381,9,2023-05-12 00:00:00
+18🔼,2372,1,2023-05-11 00:00:00
+17🔼,2371,7,2023-05-10 00:00:00
+12🔼,2364,11,2023-05-09 00:00:00
+5🔼,2353,0,2023-05-08 00:00:00
+8🔼,2353,-8,2023-05-07 00:00:00
+20⏫,2361,6,2023-05-06 00:00:00
+12🔼,2355,1,2023-05-05 00:00:00
+6🔼,2354,0,2023-05-04 00:00:00
+14🔼,2354,2,2023-05-03 00:00:00
+15🔼,2352,4,2023-05-02 00:00:00
+6🔼,2348,3,2023-05-01 00:00:00
+8🔼,2345,4,2023-04-30 00:00:00
+8🔼,2341,-2,2023-04-29 00:00:00
+9🔼,2343,-5,2023-04-28 00:00:00
+7🔼,2348,8,2023-04-27 00:00:00
+2🔼,2340,3,2023-04-26 00:00:00
-2🔽,2337,-5,2023-04-25 00:00:00
+14🔼,2342,5,2023-04-24 00:00:00
+17🔼,2337,4,2023-04-23 00:00:00
+13🔼,2333,-1,2023-04-22 00:00:00
+6🔼,2334,-7,2023-04-21 00:00:00
+8🔼,2341,3,2023-04-20 00:00:00
+6🔼,2338,-1,2023-04-19 00:00:00
-1🔽,2339,11,2023-04-18 00:00:00
-7🔽,2328,8,2023-04-17 00:00:00
-18🔽,2320,0,2023-04-16 00:00:00
-18🔽,2320,-8,2023-04-15 00:00:00
-5🔽,2328,-5,2023-04-14 00:00:00
+7🔼,2333,1,2023-04-13 00:00:00
+10🔼,2332,-8,2023-04-12 00:00:00
+25⏫,2340,5,2023-04-11 00:00:00
+32⏫,2335,-3,2023-04-10 00:00:00
+38⏫,2338,0,2023-04-09 00:00:00
+41⏫,2338,5,2023-04-08 00:00:00
+45⏫,2333,7,2023-04-07 00:00:00
+43⏫,2326,4,2023-04-06 00:00:00
+33⏫,2322,7,2023-04-05 00:00:00
-113⏬,2315,12,2023-04-04 00:00:00
-112⏬,2303,3,2023-04-03 00:00:00
-108⏬,2300,3,2023-04-02 00:00:00
-101⏬,2297,9,2023-04-01 00:00:00
-104⏬,2288,5,2023-03-31 00:00:00
-107⏬,2283,-6,2023-03-30 00:00:00
-94⏬,2289,-139,2023-03-29 00:00:00
+41⏫,2428,13,2023-03-28 00:00:00
+20⏫,2415,7,2023-03-27 00:00:00
+5🔼,2408,10,2023-03-26 00:00:00
+2🔼,2398,6,2023-03-25 00:00:00
-6🔽,2392,2,2023-03-24 00:00:00
0🔽,2390,7,2023-03-23 00:00:00
+2🔼,2383,-4,2023-03-22 00:00:00
-3🔽,2387,-8,2023-03-21 00:00:00
+15🔼,2395,-8,2023-03-20 00:00:00
-4🔽,2403,7,2023-03-19 00:00:00
+7🔼,2396,-2,2023-03-18 00:00:00
+27⏫,2398,8,2023-03-17 00:00:00
+12🔼,2390,9,2023-03-16 00:00:00
+8🔼,2381,-9,2023-03-15 00:00:00
+30⏫,2390,10,2023-03-14 00:00:00
+25⏫,2380,-27,2023-03-13 00:00:00
+35⏫,2407,18,2023-03-12 00:00:00
+45⏫,2389,18,2023-03-11 00:00:00
+36⏫,2371,-7,2023-03-10 00:00:00
🔥+76🔥,2378,5,2023-03-09 00:00:00
🔥+71🔥,2373,13,2023-03-08 00:00:00
🤯+224🚀,2360,5,2023-03-07 00:00:00
🤯+234🚀,2355,-17,2023-03-06 00:00:00
🤯+266🚀,2372,28,2023-03-05 00:00:00
🤯+259🚀,2344,9,2023-03-04 00:00:00
🤯+273🚀,2335,33,2023-03-03 00:00:00
🤯+213🚀,2302,0,2023-03-02 00:00:00
+167🚀,2302,166,2023-03-01 00:00:00
-24⏬,2136,15,2023-02-28 00:00:00
-31⏬,2121,15,2023-02-27 00:00:00
-41⏬,2106,21,2023-02-26 00:00:00
-61⏬,2085,23,2023-02-25 00:00:00
-67⏬,2062,-27,2023-02-24 00:00:00
-20⏬,2089,-46,2023-02-23 00:00:00
+43⏫,2135,-25,2023-02-22 00:00:00
🔥+67🔥,2160,8,2023-02-21 00:00:00
🔥+74🔥,2152,5,2023-02-20 00:00:00
🔥+92🔥,2147,1,2023-02-19 00:00:00
+100🚀,2146,17,2023-02-18 00:00:00
🔥+90🔥,2129,20,2023-02-17 00:00:00
🔥+81🔥,2109,17,2023-02-16 00:00:00
🔥+91🔥,2092,-1,2023-02-15 00:00:00
🔥+98🔥,2093,15,2023-02-14 00:00:00
+105🚀,2078,23,2023-02-13 00:00:00
+115🚀,2055,9,2023-02-12 00:00:00
+100🚀,2046,7,2023-02-11 00:00:00
+101🚀,2039,11,2023-02-10 00:00:00
+103🚀,2028,27,2023-02-09 00:00:00
🔥+87🔥,2001,6,2023-02-08 00:00:00
🔥+87🔥,1995,22,2023-02-07 00:00:00
🔥+77🔥,1973,33,2023-02-06 00:00:00
+43⏫,1940,-6,2023-02-05 00:00:00
🔥+51🔥,1946,8,2023-02-04 00:00:00
+44⏫,1938,13,2023-02-03 00:00:00
+28⏫,1925,11,2023-02-02 00:00:00
+23⏫,1914,6,2023-02-01 00:00:00
+25⏫,1908,12,2023-01-31 00:00:00
+16🔼,1896,-1,2023-01-30 00:00:00
+24⏫,1897,2,2023-01-29 00:00:00
+27⏫,1895,1,2023-01-28 00:00:00
+23⏫,1894,-3,2023-01-27 00:00:00
+18🔼,1897,6,2023-01-26 00:00:00
+30⏫,1891,8,2023-01-25 00:00:00
+16🔼,1883,3,2023-01-24 00:00:00
+9🔼,1880,7,2023-01-23 00:00:00
+4🔼,1873,5,2023-01-22 00:00:00
+6🔼,1868,-3,2023-01-21 00:00:00
0🔽,1871,-8,2023-01-20 00:00:00
+10🔼,1879,18,2023-01-19 00:00:00
-3🔽,1861,-6,2023-01-18 00:00:00
+3🔼,1867,-4,2023-01-17 00:00:00
+21⏫,1871,2,2023-01-16 00:00:00
+16🔼,1869,7,2023-01-15 00:00:00
+15🔼,1862,-9,2023-01-14 00:00:00
+33⏫,1871,2,2023-01-13 00:00:00
+45⏫,1869,5,2023-01-12 00:00:00
+46⏫,1864,0,2023-01-11 00:00:00
🔥+50🔥,1864,14,2023-01-10 00:00:00
+33⏫,1850,-3,2023-01-09 00:00:00
+35⏫,1853,6,2023-01-08 00:00:00
+30⏫,1847,9,2023-01-07 00:00:00
+25⏫,1838,14,2023-01-06 00:00:00
+23⏫,1824,6,2023-01-05 00:00:00
+33⏫,1818,4,2023-01-04 00:00:00
+27⏫,1814,-3,2023-01-03 00:00:00
+32⏫,1817,-1,2023-01-02 00:00:00
+33⏫,1818,1,2023-01-01 00:00:00
+37⏫,1817,4,2022-12-31 00:00:00
+38⏫,1813,12,2022-12-30 00:00:00
+32⏫,1801,16,2022-12-29 00:00:00
+19🔼,1785,-2,2022-12-28 00:00:00
+21⏫,1787,2,2022-12-27 00:00:00
+23⏫,1785,0,2022-12-26 00:00:00
+29⏫,1785,5,2022-12-25 00:00:00
+34⏫,1780,5,2022-12-24 00:00:00
+45⏫,1775,6,2022-12-23 00:00:00
🔥+50🔥,1769,3,2022-12-22 00:00:00
🔥+50🔥,1766,0,2022-12-21 00:00:00
+47⏫,1766,4,2022-12-20 00:00:00
+104🚀,1762,6,2022-12-19 00:00:00
+109🚀,1756,10,2022-12-18 00:00:00
+100🚀,1746,16,2022-12-17 00:00:00
🔥+97🔥,1730,11,2022-12-16 00:00:00
🔥+88🔥,1719,3,2022-12-15 00:00:00
🔥+86🔥,1716,-3,2022-12-14 00:00:00
🔥+90🔥,1719,61,2022-12-13 00:00:00
+39⏫,1658,11,2022-12-12 00:00:00
+27⏫,1647,1,2022-12-11 00:00:00
+28⏫,1646,13,2022-12-10 00:00:00
+14🔼,1633,2,2022-12-09 00:00:00
+10🔼,1631,1,2022-12-08 00:00:00
+12🔼,1630,1,2022-12-07 00:00:00
+8🔼,1629,10,2022-12-06 00:00:00
0🔽,1619,-1,2022-12-05 00:00:00
+2🔼,1620,2,2022-12-04 00:00:00
0🔽,1618,-1,2022-12-03 00:00:00
+3🔼,1619,-2,2022-12-02 00:00:00
+6🔼,1621,3,2022-12-01 00:00:00
+5🔼,1618,-3,2022-11-30 00:00:00
+15🔼,1621,2,2022-11-29 00:00:00
+15🔼,1619,1,2022-11-28 00:00:00
+1🔼,1618,0,2022-11-27 00:00:00
-6🔽,1618,2,2022-11-26 00:00:00
-7🔽,1616,1,2022-11-25 00:00:00
-17🔽,1615,2,2022-11-24 00:00:00
-26⏬,1613,7,2022-11-23 00:00:00
-33⏬,1606,2,2022-11-22 00:00:00
-25⏬,1604,-13,2022-11-21 00:00:00
-1🔽,1617,-7,2022-11-20 00:00:00
+2🔼,1624,1,2022-11-19 00:00:00
+9🔼,1623,-9,2022-11-18 00:00:00
+11🔼,1632,-7,2022-11-17 00:00:00
+25⏫,1639,0,2022-11-16 00:00:00
+34⏫,1639,10,2022-11-15 00:00:00
+21⏫,1629,11,2022-11-14 00:00:00
+11🔼,1618,-4,2022-11-13 00:00:00
+17🔼,1622,8,2022-11-12 00:00:00
+11🔼,1614,-7,2022-11-11 00:00:00
+22⏫,1621,7,2022-11-10 00:00:00
+8🔼,1614,9,2022-11-09 00:00:00
-2🔽,1605,-3,2022-11-08 00:00:00
+1🔼,1608,1,2022-11-07 00:00:00
+2🔼,1607,2,2022-11-06 00:00:00
+3🔼,1605,2,2022-11-05 00:00:00
+3🔼,1603,4,2022-11-04 00:00:00
+4🔼,1599,-7,2022-11-03 00:00:00
+13🔼,1606,-1,2022-11-02 00:00:00
+19🔼,1607,0,2022-11-01 00:00:00
+23⏫,1607,2,2022-10-31 00:00:00
+17🔼,1605,3,2022-10-30 00:00:00
+17🔼,1602,2,2022-10-29 00:00:00
+20⏫,1600,5,2022-10-28 00:00:00
+17🔼,1595,2,2022-10-27 00:00:00
+19🔼,1593,5,2022-10-26 00:00:00
+18🔼,1588,4,2022-10-25 00:00:00
+16🔼,1584,-4,2022-10-24 00:00:00
+23⏫,1588,3,2022-10-23 00:00:00
+20⏫,1585,5,2022-10-22 00:00:00
+17🔼,1580,2,2022-10-21 00:00:00
+16🔼,1578,4,2022-10-20 00:00:00
+15🔼,1574,4,2022-10-19 00:00:00
+13🔼,1570,2,2022-10-18 00:00:00
+17🔼,1568,3,2022-10-17 00:00:00
+16🔼,1565,0,2022-10-16 00:00:00
+20⏫,1565,2,2022-10-15 00:00:00
+18🔼,1563,1,2022-10-14 00:00:00
+15🔼,1562,3,2022-10-13 00:00:00
+16🔼,1559,2,2022-10-12 00:00:00
+14🔼,1557,6,2022-10-11 00:00:00
+16🔼,1551,2,2022-10-10 00:00:00
+16🔼,1549,4,2022-10-09 00:00:00
+15🔼,1545,0,2022-10-08 00:00:00
+18🔼,1545,-2,2022-10-07 00:00:00
+24⏫,1547,4,2022-10-06 00:00:00
+15🔼,1543,0,2022-10-05 00:00:00
+18🔼,1543,8,2022-10-04 00:00:00
+19🔼,1535,2,2022-10-03 00:00:00
+20⏫,1533,3,2022-10-02 00:00:00
+23⏫,1530,3,2022-10-01 00:00:00
+10🔼,1527,4,2022-09-30 00:00:00
+9🔼,1523,-5,2022-09-29 00:00:00
+17🔼,1528,3,2022-09-28 00:00:00
+31⏫,1525,9,2022-09-27 00:00:00
+25⏫,1516,3,2022-09-26 00:00:00
+47⏫,1513,6,2022-09-25 00:00:00
🔥+50🔥,1507,-10,2022-09-24 00:00:00
🔥+70🔥,1517,3,2022-09-23 00:00:00
🔥+82🔥,1514,3,2022-09-22 00:00:00
🔥+92🔥,1511,17,2022-09-21 00:00:00
+106🚀,1494,3,2022-09-20 00:00:00
+132🚀,1491,25,2022-09-19 00:00:00
+133🚀,1466,9,2022-09-18 00:00:00
+129🚀,1457,10,2022-09-17 00:00:00
+134🚀,1447,15,2022-09-16 00:00:00
+140🚀,1432,13,2022-09-15 00:00:00
+126🚀,1419,31,2022-09-14 00:00:00
🔥+95🔥,1388,29,2022-09-13 00:00:00
🔥+62🔥,1359,26,2022-09-12 00:00:00
+43⏫,1333,5,2022-09-11 00:00:00
+40⏫,1328,15,2022-09-10 00:00:00
+40⏫,1313,21,2022-09-09 00:00:00
+21⏫,1292,-1,2022-09-08 00:00:00
+25⏫,1293,0,2022-09-07 00:00:00
+29⏫,1293,-4,2022-09-06 00:00:00
+31⏫,1297,7,2022-09-05 00:00:00
+19🔼,1290,2,2022-09-04 00:00:00
+12🔼,1288,15,2022-09-03 00:00:00
-4🔽,1273,2,2022-09-02 00:00:00
0🔽,1271,3,2022-09-01 00:00:00
+2🔼,1268,4,2022-08-31 00:00:00
+7🔼,1264,-2,2022-08-30 00:00:00
-15🔽,1266,-5,2022-08-29 00:00:00
-10🔽,1271,-5,2022-08-28 00:00:00
+11🔼,1276,-1,2022-08-27 00:00:00
+13🔼,1277,6,2022-08-26 00:00:00
+1🔼,1271,5,2022-08-25 00:00:00
+8🔼,1266,9,2022-08-24 00:00:00
-4🔽,1257,-24,2022-08-23 00:00:00
+30⏫,1281,0,2022-08-22 00:00:00
+27⏫,1281,16,2022-08-21 00:00:00
+10🔼,1265,1,2022-08-20 00:00:00
+10🔼,1264,-6,2022-08-19 00:00:00
+14🔼,1270,12,2022-08-18 00:00:00
+6🔼,1258,-3,2022-08-17 00:00:00
+14🔼,1261,10,2022-08-16 00:00:00
+5🔼,1251,-3,2022-08-15 00:00:00
+15🔼,1254,-1,2022-08-14 00:00:00
+23⏫,1255,1,2022-08-13 00:00:00
+23⏫,1254,-2,2022-08-12 00:00:00
+29⏫,1256,4,2022-08-11 00:00:00
+26⏫,1252,5,2022-08-10 00:00:00
+26⏫,1247,1,2022-08-09 00:00:00
+25⏫,1246,7,2022-08-08 00:00:00
+17🔼,1239,7,2022-08-07 00:00:00
+9🔼,1232,1,2022-08-06 00:00:00
+9🔼,1231,4,2022-08-05 00:00:00
+9🔼,1227,1,2022-08-04 00:00:00
0🔽,1226,5,2022-08-03 00:00:00
+2🔼,1221,0,2022-08-02 00:00:00
+6🔼,1221,-1,2022-08-01 00:00:00
+12🔼,1222,-1,2022-07-31 00:00:00
+12🔼,1223,1,2022-07-30 00:00:00
+6🔼,1222,4,2022-07-29 00:00:00
+7🔼,1218,-8,2022-07-28 00:00:00
+18🔼,1226,7,2022-07-27 00:00:00
+7🔼,1219,4,2022-07-26 00:00:00
+5🔼,1215,5,2022-07-25 00:00:00
0🔽,1210,-1,2022-07-24 00:00:00
+12🔼,1211,-5,2022-07-23 00:00:00
+16🔼,1216,5,2022-07-22 00:00:00
+12🔼,1211,3,2022-07-21 00:00:00
0🔽,1208,-4,2022-07-20 00:00:00
+5🔼,1212,2,2022-07-19 00:00:00
+10🔼,1210,0,2022-07-18 00:00:00
+14🔼,1210,11,2022-07-17 00:00:00
+2🔼,1199,-1,2022-07-16 00:00:00
+8🔼,1200,1,2022-07-15 00:00:00
+6🔼,1199,-9,2022-07-14 00:00:00
+18🔼,1208,1,2022-07-13 00:00:00
+12🔼,1207,7,2022-07-12 00:00:00
+9🔼,1200,4,2022-07-11 00:00:00
+7🔼,1196,-1,2022-07-10 00:00:00
+17🔼,1197,5,2022-07-09 00:00:00
+39⏫,1192,-1,2022-07-08 00:00:00
🔥+50🔥,1193,3,2022-07-07 00:00:00
+49⏫,1190,-5,2022-07-06 00:00:00
🔥+60🔥,1195,4,2022-07-05 00:00:00
🔥+59🔥,1191,2,2022-07-04 00:00:00
🔥+58🔥,1189,9,2022-07-03 00:00:00
🔥+55🔥,1180,27,2022-07-02 00:00:00
+32⏫,1153,10,2022-07-01 00:00:00
+9🔼,1143,2,2022-06-30 00:00:00
+4🔼,1141,6,2022-06-29 00:00:00
+3🔼,1135,3,2022-06-28 00:00:00
+19🔼,1132,1,2022-06-27 00:00:00
+18🔼,1131,6,2022-06-26 00:00:00
-33⏬,1125,4,2022-06-25 00:00:00
-33⏬,1121,-13,2022-06-24 00:00:00
-18🔽,1134,-3,2022-06-23 00:00:00
-16🔽,1137,5,2022-06-22 00:00:00
-19🔽,1132,19,2022-06-21 00:00:00
-31⏬,1113,0,2022-06-20 00:00:00
-30⏬,1113,-45,2022-06-19 00:00:00
+38⏫,1158,4,2022-06-18 00:00:00
+37⏫,1154,2,2022-06-17 00:00:00
+35⏫,1152,-1,2022-06-16 00:00:00
+41⏫,1153,2,2022-06-15 00:00:00
+37⏫,1151,7,2022-06-14 00:00:00
+25⏫,1144,1,2022-06-13 00:00:00
+22⏫,1143,23,2022-06-12 00:00:00
-1🔽,1120,3,2022-06-11 00:00:00
-4🔽,1117,0,2022-06-10 00:00:00
-3🔽,1117,5,2022-06-09 00:00:00
-6🔽,1112,-2,2022-06-08 00:00:00
-5🔽,1114,-5,2022-06-07 00:00:00
+4🔼,1119,-2,2022-06-06 00:00:00
+6🔼,1121,0,2022-06-05 00:00:00
+11🔼,1121,0,2022-06-04 00:00:00
+17🔼,1121,1,2022-06-03 00:00:00
+15🔼,1120,2,2022-06-02 00:00:00
+15🔼,1118,-1,2022-06-01 00:00:00
+16🔼,1119,4,2022-05-31 00:00:00
+13🔼,1115,0,2022-05-30 00:00:00
+15🔼,1115,5,2022-05-29 00:00:00
+11🔼,1110,6,2022-05-28 00:00:00
+13🔼,1104,-1,2022-05-27 00:00:00
🔥+52🔥,1105,2,2022-05-26 00:00:00
🔥+60🔥,1103,0,2022-05-25 00:00:00
🔥+63🔥,1103,1,2022-05-24 00:00:00
🔥+65🔥,1102,2,2022-05-23 00:00:00
🔥+60🔥,1100,1,2022-05-22 00:00:00
🔥+60🔥,1099,8,2022-05-21 00:00:00
🔥+57🔥,1091,38,2022-05-20 00:00:00
+27⏫,1053,10,2022-05-19 00:00:00
+26⏫,1043,3,2022-05-18 00:00:00
+29⏫,1040,3,2022-05-17 00:00:00
+20⏫,1037,-3,2022-05-16 00:00:00
+37⏫,1040,1,2022-05-15 00:00:00
+49⏫,1039,5,2022-05-14 00:00:00
🔥+77🔥,1034,8,2022-05-13 00:00:00
+105🚀,1026,9,2022-05-12 00:00:00
+137🚀,1017,6,2022-05-11 00:00:00
🤯+214🚀,1011,-6,2022-05-10 00:00:00
🤯+261🚀,1017,14,2022-05-09 00:00:00
🤯+248🚀,1003,13,2022-05-08 00:00:00
🤯+242🚀,990,33,2022-05-07 00:00:00
🤯+206🚀,957,36,2022-05-06 00:00:00
+168🚀,921,41,2022-05-05 00:00:00
+128🚀,880,83,2022-05-04 00:00:00
+42⏫,797,41,2022-05-03 00:00:00
-6🔽,756,1,2022-05-02 00:00:00
-4🔽,755,7,2022-05-01 00:00:00
-11🔽,748,-3,2022-04-30 00:00:00
-8🔽,751,-2,2022-04-29 00:00:00
-7🔽,753,1,2022-04-28 00:00:00
-3🔽,752,-3,2022-04-27 00:00:00
-1🔽,755,-7,2022-04-26 00:00:00
+8🔼,762,3,2022-04-25 00:00:00
+9🔼,759,0,2022-04-24 00:00:00
+6🔼,759,0,2022-04-23 00:00:00
+6🔼,759,-1,2022-04-22 00:00:00
+8🔼,760,5,2022-04-21 00:00:00
+1🔼,755,-1,2022-04-20 00:00:00
+5🔼,756,2,2022-04-19 00:00:00
+3🔼,754,4,2022-04-18 00:00:00
0🔽,750,-3,2022-04-17 00:00:00
+4🔼,753,0,2022-04-16 00:00:00
+4🔼,753,1,2022-04-15 00:00:00
+4🔼,752,-2,2022-04-14 00:00:00
+10🔼,754,3,2022-04-13 00:00:00
+17🔼,751,0,2022-04-12 00:00:00
+20⏫,751,1,2022-04-11 00:00:00
+21⏫,750,1,2022-04-10 00:00:00
+22⏫,749,0,2022-04-09 00:00:00
+20⏫,749,1,2022-04-08 00:00:00
+22⏫,748,4,2022-04-07 00:00:00
+19🔼,744,10,2022-04-06 00:00:00
+4🔼,734,3,2022-04-05 00:00:00
+9🔼,731,2,2022-04-04 00:00:00
+11🔼,729,2,2022-04-03 00:00:00
+21⏫,727,-2,2022-04-02 00:00:00
+18🔼,729,3,2022-04-01 00:00:00
+14🔼,726,1,2022-03-31 00:00:00
+15🔼,725,-5,2022-03-30 00:00:00
+23⏫,730,8,2022-03-29 00:00:00
+14🔼,722,4,2022-03-28 00:00:00
+13🔼,718,12,2022-03-27 00:00:00
+5🔼,706,-5,2022-03-26 00:00:00
+11🔼,711,-1,2022-03-25 00:00:00
+22⏫,712,2,2022-03-24 00:00:00
+29⏫,710,3,2022-03-23 00:00:00
+27⏫,707,-1,2022-03-22 00:00:00
+37⏫,708,3,2022-03-21 00:00:00
+42⏫,705,4,2022-03-20 00:00:00
+41⏫,701,1,2022-03-19 00:00:00
+40⏫,700,10,2022-03-18 00:00:00
+37⏫,690,9,2022-03-17 00:00:00
+31⏫,681,1,2022-03-16 00:00:00
+44⏫,680,9,2022-03-15 00:00:00
+37⏫,671,8,2022-03-14 00:00:00
+37⏫,663,3,2022-03-13 00:00:00
+34⏫,660,0,2022-03-12 00:00:00
+39⏫,660,7,2022-03-11 00:00:00
+36⏫,653,3,2022-03-10 00:00:00
+35⏫,650,14,2022-03-09 00:00:00
+20⏫,636,2,2022-03-08 00:00:00
+24⏫,634,8,2022-03-07 00:00:00
+21⏫,626,0,2022-03-06 00:00:00
+21⏫,626,5,2022-03-05 00:00:00
+17🔼,621,4,2022-03-04 00:00:00
+18🔼,617,2,2022-03-03 00:00:00
+4🔼,615,-1,2022-03-02 00:00:00
+3🔼,616,6,2022-03-01 00:00:00
-7🔽,610,5,2022-02-28 00:00:00
-11🔽,605,0,2022-02-27 00:00:00
+2🔼,605,1,2022-02-26 00:00:00
+3🔼,604,5,2022-02-25 00:00:00
0🔽,599,-12,2022-02-24 00:00:00
+10🔼,611,-2,2022-02-23 00:00:00
+30⏫,613,-4,2022-02-22 00:00:00
+39⏫,617,1,2022-02-21 00:00:00
+40⏫,616,13,2022-02-20 00:00:00
+30⏫,603,2,2022-02-19 00:00:00
+30⏫,601,2,2022-02-18 00:00:00
+32⏫,599,-2,2022-02-17 00:00:00
+40⏫,601,18,2022-02-16 00:00:00
+27⏫,583,5,2022-02-15 00:00:00
+27⏫,578,2,2022-02-14 00:00:00
+30⏫,576,3,2022-02-13 00:00:00
+29⏫,573,2,2022-02-12 00:00:00
+38⏫,571,4,2022-02-11 00:00:00
+35⏫,567,6,2022-02-10 00:00:00
+32⏫,561,5,2022-02-09 00:00:00
+29⏫,556,5,2022-02-08 00:00:00
+23⏫,551,5,2022-02-07 00:00:00
+21⏫,546,2,2022-02-06 00:00:00
+18🔼,544,11,2022-02-05 00:00:00
+9🔼,533,1,2022-02-04 00:00:00
+9🔼,532,3,2022-02-03 00:00:00
+10🔼,529,2,2022-02-02 00:00:00
+11🔼,527,-1,2022-02-01 00:00:00
+20⏫,528,3,2022-01-31 00:00:00
+24⏫,525,-1,2022-01-30 00:00:00
+39⏫,526,2,2022-01-29 00:00:00
+38⏫,524,1,2022-01-28 00:00:00
+39⏫,523,4,2022-01-27 00:00:00
+46⏫,519,3,2022-01-26 00:00:00
+42⏫,516,8,2022-01-25 00:00:00
+41⏫,508,7,2022-01-24 00:00:00
+36⏫,501,14,2022-01-23 00:00:00
+23⏫,487,1,2022-01-22 00:00:00
+26⏫,486,2,2022-01-21 00:00:00
+23⏫,484,11,2022-01-20 00:00:00
+13🔼,473,-1,2022-01-19 00:00:00
+23⏫,474,7,2022-01-18 00:00:00
+25⏫,467,2,2022-01-17 00:00:00
+25⏫,465,1,2022-01-16 00:00:00
+29⏫,464,4,2022-01-15 00:00:00
+22⏫,460,-1,2022-01-14 00:00:00
+28⏫,461,1,2022-01-13 00:00:00
+37⏫,460,9,2022-01-12 00:00:00
+32⏫,451,9,2022-01-11 00:00:00
+25⏫,442,2,2022-01-10 00:00:00
+20⏫,440,5,2022-01-09 00:00:00
+19🔼,435,-3,2022-01-08 00:00:00
+23⏫,438,5,2022-01-07 00:00:00
+24⏫,433,10,2022-01-06 00:00:00
+12🔼,423,4,2022-01-05 00:00:00
+11🔼,419,2,2022-01-04 00:00:00
+13🔼,417,-3,2022-01-03 00:00:00
+16🔼,420,4,2022-01-02 00:00:00
+14🔼,416,1,2022-01-01 00:00:00
+13🔼,415,6,2021-12-31 00:00:00
+5🔼,409,-2,2021-12-30 00:00:00
+8🔼,411,3,2021-12-29 00:00:00
+7🔼,408,4,2021-12-28 00:00:00
+2🔼,404,0,2021-12-27 00:00:00
+5🔼,404,2,2021-12-26 00:00:00
+5🔼,402,0,2021-12-25 00:00:00
+11🔼,402,-2,2021-12-24 00:00:00
+13🔼,404,1,2021-12-23 00:00:00
+15🔼,403,2,2021-12-22 00:00:00
+23⏫,401,-1,2021-12-21 00:00:00
+25⏫,402,3,2021-12-20 00:00:00
+26⏫,399,2,2021-12-19 00:00:00
+26⏫,397,6,2021-12-18 00:00:00
+25⏫,391,0,2021-12-17 00:00:00
+26⏫,391,3,2021-12-16 00:00:00
+27⏫,388,10,2021-12-15 00:00:00
+24⏫,378,1,2021-12-14 00:00:00
+24⏫,377,4,2021-12-13 00:00:00
+21⏫,373,2,2021-12-12 00:00:00
+26⏫,371,5,2021-12-11 00:00:00
+23⏫,366,1,2021-12-10 00:00:00
+30⏫,365,4,2021-12-09 00:00:00
+27⏫,361,7,2021-12-08 00:00:00
+28⏫,354,1,2021-12-07 00:00:00
+26⏫,353,1,2021-12-06 00:00:00
+27⏫,352,7,2021-12-05 00:00:00
+24⏫,345,2,2021-12-04 00:00:00
+24⏫,343,8,2021-12-03 00:00:00
+17🔼,335,1,2021-12-02 00:00:00
+28⏫,334,8,2021-12-01 00:00:00
+21⏫,326,-1,2021-11-30 00:00:00
+25⏫,327,2,2021-11-29 00:00:00
+23⏫,325,4,2021-11-28 00:00:00
+21⏫,321,2,2021-11-27 00:00:00
+32⏫,319,1,2021-11-26 00:00:00
+32⏫,318,12,2021-11-25 00:00:00
+24⏫,306,1,2021-11-24 00:00:00
+26⏫,305,3,2021-11-23 00:00:00
+30⏫,302,0,2021-11-22 00:00:00
+37⏫,302,2,2021-11-21 00:00:00
+39⏫,300,13,2021-11-20 00:00:00
+29⏫,287,1,2021-11-19 00:00:00
+31⏫,286,4,2021-11-18 00:00:00
+31⏫,282,3,2021-11-17 00:00:00
+31⏫,279,7,2021-11-16 00:00:00
+28⏫,272,7,2021-11-15 00:00:00
+25⏫,265,4,2021-11-14 00:00:00
+31⏫,261,3,2021-11-13 00:00:00
+31⏫,258,3,2021-11-12 00:00:00
+30⏫,255,4,2021-11-11 00:00:00
+30⏫,251,3,2021-11-10 00:00:00
+45⏫,248,4,2021-11-09 00:00:00
🔥+56🔥,244,4,2021-11-08 00:00:00
🔥+58🔥,240,10,2021-11-07 00:00:00
🔥+53🔥,230,3,2021-11-06 00:00:00
🔥+51🔥,227,2,2021-11-05 00:00:00
🔥+59🔥,225,4,2021-11-04 00:00:00
🔥+57🔥,221,18,2021-11-03 00:00:00
+42⏫,203,15,2021-11-02 00:00:00
+34⏫,188,6,2021-11-01 00:00:00
+34⏫,182,5,2021-10-31 00:00:00
+30⏫,177,1,2021-10-30 00:00:00
+23⏫,176,10,2021-10-29 00:00:00
🔥+66🔥,166,2,2021-10-28 00:00:00
🔥+76🔥,164,3,2021-10-27 00:00:00
🔥+93🔥,161,7,2021-10-26 00:00:00
🔥+98🔥,154,6,2021-10-25 00:00:00
+112🚀,148,1,2021-10-24 00:00:00
+116🚀,147,-6,2021-10-23 00:00:00
+122🚀,153,53,2021-10-22 00:00:00
+69😏,100,12,2021-10-21 00:00:00
🔥+61🔥,88,20,2021-10-20 00:00:00
+42⏫,68,12,2021-10-19 00:00:00
+31⏫,56,20,2021-10-18 00:00:00
+12🔼,36,5,2021-10-17 00:00:00
+9🔼,31,0,2021-10-16 00:00:00
+12🔼,31,0,2021-10-15 00:00:00
+18🔼,31,4,2021-10-14 00:00:00
+20⏫,27,1,2021-10-13 00:00:00
+23⏫,26,1,2021-10-12 00:00:00
+23⏫,25,1,2021-10-11 00:00:00
+22⏫,24,2,2021-10-10 00:00:00
+20⏫,22,3,2021-10-09 00:00:00
+17🔼,19,6,2021-10-08 00:00:00
+11🔼,13,6,2021-10-07 00:00:00
+5🔼,7,4,2021-10-06 00:00:00
+1🔼,3,1,2021-10-05 00:00:00
0🔽,2,0,2021-10-04 00:00:00
0🔽,2,0,2021-10-03 00:00:00
0🔽,2,0,2021-10-02 00:00:00
0🔽,2,0,2021-10-01 00:00:00
0🔽,2,0,2021-09-30 00:00:00
0🔽,2,0,2021-09-29 00:00:00
0🔽,2,0,2021-09-28 00:00:00
0🔽,2,0,2021-09-27 00:00:00
0🔽,2,0,2021-09-26 00:00:00
0🔽,2,0,2021-09-25 00:00:00
0🔽,2,0,2021-09-24 00:00:00
0🔽,2,0,2021-09-23 00:00:00
0🔽,2,0,2021-09-22 00:00:00
0🔽,2,0,2021-09-21 00:00:00
0🔽,2,0,2021-09-20 00:00:00
0🔽,2,0,2021-09-19 00:00:00
0🔽,2,0,2021-09-18 00:00:00
0🔽,2,0,2021-09-17 00:00:00
0🔽,2,0,2021-09-16 00:00:00
0🔽,2,0,2021-09-15 00:00:00
0🔽,2,0,2021-09-14 00:00:00
0🔽,2,0,2021-09-13 00:00:00
0🔽,2,0,2021-09-12 00:00:00
0🔽,2,0,2021-09-11 00:00:00
0🔽,2,0,2021-09-10 00:00:00
0🔽,2,0,2021-09-09 00:00:00
<nil>,2,0,2021-09-08 00:00:00
<nil>,2,0,2021-09-07 00:00:00
<nil>,2,0,2021-09-06 00:00:00
<nil>,2,0,2021-09-05 00:00:00
<nil>,2,0,2021-09-04 00:00:00
<nil>,2,0,2021-09-03 00:00:00
<nil>,2,<nil>,2021-09-02 00:00:00
