day,net_balance,total_balance
2021-10-19 00:00:00.000 UTC,101.45278299999995,101.45278299999995
2021-10-20 00:00:00.000 UTC,37870.41600899999,37971.868791999994
2021-10-21 00:00:00.000 UTC,257.253553999999,38229.12234599999
2021-10-22 00:00:00.000 UTC,4.200429800154239e+06,4.238658922500239e+06
2021-10-23 00:00:00.000 UTC,17865.71359640242,4.256524636096641e+06
2021-10-24 00:00:00.000 UTC,-110021.88669366999,4.1465027494029715e+06
2021-10-25 00:00:00.000 UTC,-1235.8262756300028,4.1452669231273415e+06
2021-10-26 00:00:00.000 UTC,-11051.68201,4.1342152411173414e+06
2021-10-27 00:00:00.000 UTC,-3030.772161,4.1311844689563415e+06
2021-10-28 00:00:00.000 UTC,63686.576440000004,4.194871045396342e+06
2021-10-29 00:00:00.000 UTC,-30465.237691259994,4.164405807705082e+06
2021-10-30 00:00:00.000 UTC,-223400.184039,3.941005623666082e+06
2021-10-31 00:00:00.000 UTC,-12153.55508,3.928852068586082e+06
2021-11-01 00:00:00.000 UTC,-11160.44335919397,3.9176916252268883e+06
2021-11-02 00:00:00.000 UTC,-4084.9833131258492,3.9136066419137623e+06
2021-11-03 00:00:00.000 UTC,-31084.789653004147,3.882521852260758e+06
2021-11-04 00:00:00.000 UTC,3498.2786399851557,3.8860201309007434e+06
2021-11-05 00:00:00.000 UTC,2748.2654151225906,3.888768396315866e+06
2021-11-06 00:00:00.000 UTC,-104.26062020016843,3.888664135695666e+06
2021-11-07 00:00:00.000 UTC,-773.0761415074285,3.8878910595541587e+06
2021-11-08 00:00:00.000 UTC,-3865.4479734537163,3.884025611580705e+06
2021-11-09 00:00:00.000 UTC,-6723.224850999999,3.8773023867297047e+06
2021-11-10 00:00:00.000 UTC,-691.269323,3.8766111174067045e+06
2021-11-11 00:00:00.000 UTC,-1097.984815267393,3.875513132591437e+06
2021-11-12 00:00:00.000 UTC,-18934.417475174465,3.8565787151162624e+06
2021-11-13 00:00:00.000 UTC,-2996.143522720952,3.8535825715935417e+06
2021-11-14 00:00:00.000 UTC,-798.8975340558618,3.852783674059486e+06
2021-11-15 00:00:00.000 UTC,-2706.4514924999994,3.850077222566986e+06
2021-11-16 00:00:00.000 UTC,-11045.145047571717,3.8390320775194145e+06
2021-11-17 00:00:00.000 UTC,-10956.09399937485,3.82807598352004e+06
2021-11-18 00:00:00.000 UTC,-2786.5545499301006,3.8252894289701097e+06
2021-11-19 00:00:00.000 UTC,-24252.274364,3.8010371546061095e+06
2021-11-20 00:00:00.000 UTC,-26634.05477,3.7744030998361097e+06
2021-11-21 00:00:00.000 UTC,-4095.758510985773,3.770307341325124e+06
2021-11-22 00:00:00.000 UTC,-1383.2972900000002,3.7689240440351237e+06
2021-11-23 00:00:00.000 UTC,-21045.74168655138,3.7478783023485723e+06
2021-11-24 00:00:00.000 UTC,-1646.0371834019024,3.74623226516517e+06
2021-11-25 00:00:00.000 UTC,-2604.909071703068,3.743627356093467e+06
2021-11-26 00:00:00.000 UTC,-39835.25971874111,3.703792096374726e+06
2021-11-27 00:00:00.000 UTC,1313.733252,3.705105829626726e+06
2021-11-28 00:00:00.000 UTC,277.3724490000004,3.705383202075726e+06
2021-11-29 00:00:00.000 UTC,-30980.308,3.6744028940757257e+06
2021-11-30 00:00:00.000 UTC,-1767.54293906,3.672635351136666e+06
2021-12-01 00:00:00.000 UTC,-19571.11327026,3.653064237866406e+06
2021-12-02 00:00:00.000 UTC,-22344.619167000004,3.630719618699406e+06
2021-12-03 00:00:00.000 UTC,-4806.607596488923,3.6259130111029167e+06
2021-12-04 00:00:00.000 UTC,-17453.25436552,3.6084597567373966e+06
2021-12-05 00:00:00.000 UTC,-4892.97413521,3.603566782602187e+06
2021-12-06 00:00:00.000 UTC,-3904.4587400199994,3.5996623238621666e+06
2021-12-07 00:00:00.000 UTC,-2893.6992590000004,3.5967686246031667e+06
2021-12-08 00:00:00.000 UTC,-13155.223119999999,3.5836134014831665e+06
2021-12-09 00:00:00.000 UTC,-690.67041,3.5829227310731667e+06
2021-12-10 00:00:00.000 UTC,10334.056260000001,3.5932567873331667e+06
2021-12-11 00:00:00.000 UTC,-67090.10560000001,3.526166681733167e+06
2021-12-12 00:00:00.000 UTC,-740.3137723499999,3.5254263679608167e+06
2021-12-13 00:00:00.000 UTC,-52385.048720000006,3.473041319240817e+06
2021-12-14 00:00:00.000 UTC,-6,3.473035319240817e+06
2021-12-15 00:00:00.000 UTC,-59003.47662551084,3.414031842615306e+06
2021-12-16 00:00:00.000 UTC,479.2326116077448,3.4145110752269137e+06
2021-12-17 00:00:00.000 UTC,124137.41031258566,3.538648485539499e+06
2021-12-18 00:00:00.000 UTC,3148.60333,3.541797088869499e+06
2021-12-19 00:00:00.000 UTC,-464.7,3.541332388869499e+06
2021-12-20 00:00:00.000 UTC,-387.2782299999999,3.540945110639499e+06
2021-12-21 00:00:00.000 UTC,515.84705,3.541460957689499e+06
2021-12-22 00:00:00.000 UTC,-48.01,3.5414129476894992e+06
2021-12-23 00:00:00.000 UTC,299.9999999999927,3.5417129476894992e+06
2021-12-25 00:00:00.000 UTC,14620.518371013153,3.5563334660605122e+06
2021-12-26 00:00:00.000 UTC,10792.09,3.567125556060512e+06
2021-12-27 00:00:00.000 UTC,1020.1,3.568145656060512e+06
2021-12-28 00:00:00.000 UTC,4125.28138,3.5722709374405122e+06
2021-12-29 00:00:00.000 UTC,-3549.0775857571152,3.568721859854755e+06
2021-12-30 00:00:00.000 UTC,3100.2325500000006,3.571822092404755e+06
2021-12-31 00:00:00.000 UTC,143.51964059999955,3.5719656120453547e+06
2022-01-01 00:00:00.000 UTC,6713.5181488267335,3.5786791301941816e+06
2022-01-02 00:00:00.000 UTC,-8428.80697315497,3.5702503232210265e+06
2022-01-03 00:00:00.000 UTC,38420.36458533987,3.6086706878063665e+06
2022-01-04 00:00:00.000 UTC,24270.534753730724,3.632941222560097e+06
2022-01-05 00:00:00.000 UTC,-2097.54293,3.630843679630097e+06
2022-01-06 00:00:00.000 UTC,-25015.743326963937,3.605827936303133e+06
2022-01-07 00:00:00.000 UTC,-9893.11878477,3.5959348175183632e+06
2022-01-08 00:00:00.000 UTC,172.2585635333453,3.5961070760818967e+06
2022-01-09 00:00:00.000 UTC,-16396.46256,3.579710613521897e+06
2022-01-10 00:00:00.000 UTC,-4985.143315379999,3.574725470206517e+06
2022-01-11 00:00:00.000 UTC,-1793.08347,3.572932386736517e+06
2022-01-12 00:00:00.000 UTC,-22789.52015940517,3.5501428665771117e+06
2022-01-13 00:00:00.000 UTC,1140.6920924143315,3.551283558669526e+06
2022-01-14 00:00:00.000 UTC,8697.668709787968,3.559981227379314e+06
2022-01-15 00:00:00.000 UTC,-2055.54142066,3.557925685958654e+06
2022-01-16 00:00:00.000 UTC,-2171.36401,3.555754321948654e+06
2022-01-17 00:00:00.000 UTC,-1821.8538600000002,3.553932468088654e+06
2022-01-18 00:00:00.000 UTC,24531.841079999995,3.578464309168654e+06
2022-01-19 00:00:00.000 UTC,-2604.96635912863,3.5758593428095253e+06
2022-01-20 00:00:00.000 UTC,-1622.49441,3.5742368483995255e+06
2022-01-21 00:00:00.000 UTC,-28444.87,3.5457919783995254e+06
2022-01-22 00:00:00.000 UTC,-4387.010564424545,3.541404967835101e+06
2022-01-23 00:00:00.000 UTC,-5870.340796,3.535534627039101e+06
2022-01-24 00:00:00.000 UTC,-18270.405280000003,3.517264221759101e+06
2022-01-25 00:00:00.000 UTC,-2601.9367649999995,3.5146622849941007e+06
2022-01-26 00:00:00.000 UTC,768.4656615795648,3.5154307506556804e+06
2022-01-27 00:00:00.000 UTC,-4954.882769999999,3.5104758678856804e+06
2022-01-28 00:00:00.000 UTC,829.6301999999991,3.5113054980856804e+06
2022-01-29 00:00:00.000 UTC,-5219.615991178256,3.506085882094502e+06
2022-01-30 00:00:00.000 UTC,2833.8884799999996,3.508919770574502e+06
2022-01-31 00:00:00.000 UTC,3939.13085,3.512858901424502e+06
2022-02-01 00:00:00.000 UTC,-762.2781320000001,3.512096623292502e+06
2022-02-02 00:00:00.000 UTC,-2560.69686048,3.509535926432022e+06
2022-02-03 00:00:00.000 UTC,-954.2301599999992,3.508581696272022e+06
2022-02-04 00:00:00.000 UTC,-12611.654941594468,3.4959700413304274e+06
2022-02-05 00:00:00.000 UTC,4675.776442697054,3.5006458177731247e+06
2022-02-06 00:00:00.000 UTC,16482.481814282717,3.5171282995874076e+06
2022-02-07 00:00:00.000 UTC,12787.203798084303,3.529915503385492e+06
2022-02-08 00:00:00.000 UTC,1036.6256000000003,3.530952128985492e+06
2022-02-09 00:00:00.000 UTC,-13195.832806991333,3.5177562961785006e+06
2022-02-10 00:00:00.000 UTC,12285.778096534646,3.5300420742750354e+06
2022-02-11 00:00:00.000 UTC,-13032.906200000003,3.5170091680750353e+06
2022-02-12 00:00:00.000 UTC,2280.7450800267197,3.519289913155062e+06
2022-02-13 00:00:00.000 UTC,-9851.475957500452,3.509438437197562e+06
2022-02-14 00:00:00.000 UTC,-1708.902552999998,3.507729534644562e+06
2022-02-15 00:00:00.000 UTC,-14603.817614148647,3.493125717030413e+06
2022-02-16 00:00:00.000 UTC,-22124.02283173198,3.471001694198681e+06
2022-02-17 00:00:00.000 UTC,38245.50572368385,3.5092471999223647e+06
2022-02-18 00:00:00.000 UTC,-20.107591208718077,3.509227092331156e+06
2022-02-19 00:00:00.000 UTC,-3528.2927673537088,3.5056987995638023e+06
2022-02-20 00:00:00.000 UTC,-3587.8152875393334,3.502110984276263e+06
2022-02-21 00:00:00.000 UTC,51197.43993590468,3.5533084242121675e+06
2022-02-22 00:00:00.000 UTC,30014.806506155925,3.5833232307183235e+06
2022-02-23 00:00:00.000 UTC,36707.39427931414,3.6200306249976377e+06
2022-02-24 00:00:00.000 UTC,138076.59745424578,3.7581072224518834e+06
2022-02-25 00:00:00.000 UTC,-2297.125622792246,3.755810096829091e+06
2022-02-26 00:00:00.000 UTC,3278.002234000007,3.759088099063091e+06
2022-02-27 00:00:00.000 UTC,-767.0284783701698,3.758321070584721e+06
2022-02-28 00:00:00.000 UTC,-7147.742355404018,3.751173328229317e+06
2022-03-01 00:00:00.000 UTC,-20632.062257345282,3.7305412659719717e+06
2022-03-02 00:00:00.000 UTC,-5557.675630044151,3.7249835903419275e+06
2022-03-03 00:00:00.000 UTC,-1844.9258413700002,3.7231386645005574e+06
2022-03-04 00:00:00.000 UTC,-1874.2980726,3.7212643664279575e+06
2022-03-05 00:00:00.000 UTC,-854.5156622670065,3.7204098507656907e+06
2022-03-06 00:00:00.000 UTC,2552.19298,3.7229620437456905e+06
2022-03-07 00:00:00.000 UTC,47652.10592375485,3.770614149669445e+06
2022-03-08 00:00:00.000 UTC,2738.0848766764484,3.7733522345461217e+06
2022-03-09 00:00:00.000 UTC,-13682.239855186082,3.7596699946909356e+06
2022-03-10 00:00:00.000 UTC,-7014.007307034395,3.752655987383901e+06
2022-03-11 00:00:00.000 UTC,2849.6334203700026,3.755505620804271e+06
2022-03-12 00:00:00.000 UTC,-292.71000000000004,3.755212910804271e+06
2022-03-13 00:00:00.000 UTC,4415.008090965732,3.759627918895237e+06
2022-03-14 00:00:00.000 UTC,-9526.351327323728,3.7501015675679133e+06
2022-03-15 00:00:00.000 UTC,-30641.65128673114,3.7194599162811823e+06
2022-03-16 00:00:00.000 UTC,1225.046302375933,3.720684962583558e+06
2022-03-17 00:00:00.000 UTC,-7382.560960039581,3.7133024016235187e+06
2022-03-18 00:00:00.000 UTC,-2827.0168211536475,3.710475384802365e+06
2022-03-19 00:00:00.000 UTC,1903.546211717483,3.712378931014083e+06
2022-03-20 00:00:00.000 UTC,-258.3282101760233,3.712120602803907e+06
2022-03-21 00:00:00.000 UTC,9643.02410478479,3.7217636269086916e+06
2022-03-22 00:00:00.000 UTC,-193.5862664132601,3.7215700406422783e+06
2022-03-23 00:00:00.000 UTC,-23907.453562389568,3.6976625870798887e+06
2022-03-24 00:00:00.000 UTC,1390.7095516273184,3.699053296631516e+06
2022-03-25 00:00:00.000 UTC,1007.1040678519421,3.7000604006993677e+06
2022-03-26 00:00:00.000 UTC,62443.88677430901,3.7625042874736767e+06
2022-03-27 00:00:00.000 UTC,26331.171177334123,3.788835458651011e+06
2022-03-28 00:00:00.000 UTC,-6965.941798026854,3.781869516852984e+06
2022-03-29 00:00:00.000 UTC,2999.380767434064,3.784868897620418e+06
2022-03-30 00:00:00.000 UTC,6890.869850135461,3.7917597674705535e+06
2022-03-31 00:00:00.000 UTC,-6821.015090119105,3.7849387523804344e+06
2022-04-01 00:00:00.000 UTC,-5851.358537821958,3.7790873938426124e+06
2022-04-02 00:00:00.000 UTC,2897.076153295491,3.781984469995908e+06
2022-04-03 00:00:00.000 UTC,-2876.329657223566,3.7791081403386844e+06
2022-04-04 00:00:00.000 UTC,-5109.788881436649,3.773998351457248e+06
2022-04-05 00:00:00.000 UTC,5589.081953401767,3.7795874334106497e+06
2022-04-06 00:00:00.000 UTC,-20389.46947214726,3.7591979639385026e+06
2022-04-07 00:00:00.000 UTC,257.9450212455981,3.759455908959748e+06
2022-04-08 00:00:00.000 UTC,-3627.1245125516457,3.7558287844471964e+06
2022-04-09 00:00:00.000 UTC,-400.5641,3.7554282203471963e+06
2022-04-10 00:00:00.000 UTC,969.9443407134881,3.7563981646879097e+06
2022-04-11 00:00:00.000 UTC,412.2742254463992,3.756810438913356e+06
2022-04-12 00:00:00.000 UTC,1165.8619420074767,3.7579763008553637e+06
2022-04-13 00:00:00.000 UTC,-7268.753949,3.7507075469063637e+06
2022-04-14 00:00:00.000 UTC,-6875.022478084724,3.743832524428279e+06
2022-04-15 00:00:00.000 UTC,644.8610092328872,3.744477385437512e+06
2022-04-16 00:00:00.000 UTC,-247.04431466448386,3.7442303411228475e+06
2022-04-17 00:00:00.000 UTC,3698.4643692105487,3.747928805492058e+06
2022-04-18 00:00:00.000 UTC,1601.6520345923354,3.7495304575266503e+06
2022-04-19 00:00:00.000 UTC,3252.5536712721,3.7527830111979223e+06
2022-04-20 00:00:00.000 UTC,735.0877223938433,3.753518098920316e+06
2022-04-21 00:00:00.000 UTC,-631.4968892853194,3.7528866020310307e+06
2022-04-22 00:00:00.000 UTC,773.7381671422445,3.7536603401981727e+06
2022-04-23 00:00:00.000 UTC,-5841.985111443148,3.7478183550867294e+06
2022-04-24 00:00:00.000 UTC,-5104.91505856,3.742713440028169e+06
2022-04-25 00:00:00.000 UTC,1689.98186092396,3.7444034218890932e+06
2022-04-26 00:00:00.000 UTC,73.74433666110326,3.744477166225754e+06
2022-04-27 00:00:00.000 UTC,765.4445239160119,3.7452426107496703e+06
2022-04-28 00:00:00.000 UTC,-12.009911389641275,3.7452306008382807e+06
2022-04-29 00:00:00.000 UTC,-862.9085760392063,3.7443676922622416e+06
2022-04-30 00:00:00.000 UTC,-2957.21828154,3.7414104739807015e+06
2022-05-01 00:00:00.000 UTC,-7507.78647076515,3.7339026875099363e+06
2022-05-02 00:00:00.000 UTC,-7377.7648544303265,3.726524922655506e+06
2022-05-03 00:00:00.000 UTC,41.434772577742024,3.7265663574280837e+06
2022-05-04 00:00:00.000 UTC,817.0990425791388,3.7273834564706627e+06
2022-05-05 00:00:00.000 UTC,-3847.7942641242666,3.7235356622065385e+06
2022-05-06 00:00:00.000 UTC,-3956.534961926558,3.7195791272446117e+06
2022-05-07 00:00:00.000 UTC,2050.8596618275533,3.721629986906439e+06
2022-05-08 00:00:00.000 UTC,1701.0605286708696,3.72333104743511e+06
2022-05-09 00:00:00.000 UTC,-7381.996233703381,3.7159490512014064e+06
2022-05-10 00:00:00.000 UTC,-2108.255846601649,3.713840795354805e+06
2022-05-11 00:00:00.000 UTC,-17199.537714576574,3.6966412576402286e+06
2022-05-12 00:00:00.000 UTC,-32568.862059238018,3.6640723955809907e+06
2022-05-13 00:00:00.000 UTC,14396.868256146088,3.678469263837137e+06
2022-05-14 00:00:00.000 UTC,-41763.95116674458,3.636705312670392e+06
2022-05-15 00:00:00.000 UTC,13381.69212328893,3.6500870047936807e+06
2022-05-16 00:00:00.000 UTC,1365.8447054122335,3.651452849499093e+06
2022-05-17 00:00:00.000 UTC,-14602.336696860037,3.636850512802233e+06
2022-05-18 00:00:00.000 UTC,196.77447857902735,3.637047287280812e+06
2022-05-19 00:00:00.000 UTC,26000.380626657978,3.66304766790747e+06
2022-05-20 00:00:00.000 UTC,5576.381793264679,3.6686240497007347e+06
2022-05-21 00:00:00.000 UTC,2352.2071173755603,3.67097625681811e+06
2022-05-22 00:00:00.000 UTC,4932.9493068670845,3.675909206124977e+06
2022-05-23 00:00:00.000 UTC,-12553.620806673813,3.663355585318303e+06
2022-05-24 00:00:00.000 UTC,-1749.7571058472179,3.661605828212456e+06
2022-05-25 00:00:00.000 UTC,68211.81909092312,3.729817647303379e+06
2022-05-26 00:00:00.000 UTC,-10258.16964439831,3.719559477658981e+06
2022-05-27 00:00:00.000 UTC,-2227.377920162521,3.7173320997388186e+06
2022-05-28 00:00:00.000 UTC,594.2649883146319,3.7179263647271334e+06
2022-05-29 00:00:00.000 UTC,-4356.886605329402,3.713569478121804e+06
2022-05-30 00:00:00.000 UTC,-4638.14659251,3.708931331529294e+06
2022-05-31 00:00:00.000 UTC,8196.266323543468,3.7171275978528378e+06
2022-06-01 00:00:00.000 UTC,-1615.36107,3.7155122367828377e+06
2022-06-02 00:00:00.000 UTC,-1425.0070350000003,3.714087229747838e+06
2022-06-03 00:00:00.000 UTC,-454.13,3.713633099747838e+06
2022-06-04 00:00:00.000 UTC,-7502.220000000001,3.706130879747838e+06
2022-06-05 00:00:00.000 UTC,6727.367515,3.712858247262838e+06
2022-06-06 00:00:00.000 UTC,-5382.509089064,3.707475738173774e+06
2022-06-07 00:00:00.000 UTC,44403.20543050341,3.7518789436042774e+06
2022-06-08 00:00:00.000 UTC,2497.440523781994,3.7543763841280593e+06
2022-06-09 00:00:00.000 UTC,3774.09847948496,3.7581504826075444e+06
2022-06-10 00:00:00.000 UTC,-4793.1974728428795,3.7533572851347015e+06
2022-06-11 00:00:00.000 UTC,-4331.99592076376,3.7490252892139377e+06
2022-06-12 00:00:00.000 UTC,-2133.1466787712898,3.7468921425351663e+06
2022-06-13 00:00:00.000 UTC,-8938.576342032015,3.7379535661931345e+06
2022-06-14 00:00:00.000 UTC,-13035.190272644806,3.72491837592049e+06
2022-06-15 00:00:00.000 UTC,-25133.316444484743,3.6997850594760054e+06
2022-06-16 00:00:00.000 UTC,-1080.4520848516008,3.698704607391154e+06
2022-06-17 00:00:00.000 UTC,-52448.25170836247,3.6462563556827917e+06
2022-06-18 00:00:00.000 UTC,4248.367740511854,3.6505047234233036e+06
2022-06-19 00:00:00.000 UTC,-19996.40202098756,3.630508321402316e+06
2022-06-20 00:00:00.000 UTC,-1869.7116237196055,3.6286386097785966e+06
2022-06-21 00:00:00.000 UTC,-2176.190353867823,3.626462419424729e+06
2022-06-22 00:00:00.000 UTC,789.4981907256952,3.6272519176154546e+06
2022-06-23 00:00:00.000 UTC,56399.593438890784,3.6836515110543454e+06
2022-06-24 00:00:00.000 UTC,-5458.8451956278805,3.6781926658587176e+06
2022-06-25 00:00:00.000 UTC,-6572.141181716772,3.671620524677001e+06
2022-06-26 00:00:00.000 UTC,-11295.49893338287,3.660325025743618e+06
2022-06-27 00:00:00.000 UTC,-3127.5517799999993,3.6571974739636183e+06
2022-06-28 00:00:00.000 UTC,-998.2614597212415,3.656199212503897e+06
2022-06-29 00:00:00.000 UTC,-104.89870399999995,3.656094313799897e+06
2022-06-30 00:00:00.000 UTC,-8221.394314000001,3.6478729194858973e+06
2022-07-01 00:00:00.000 UTC,-1552.364316551444,3.646320555169346e+06
2022-07-02 00:00:00.000 UTC,1676.719890742438,3.6479972750600884e+06
2022-07-03 00:00:00.000 UTC,-849.7084000000001,3.6471475666600885e+06
2022-07-04 00:00:00.000 UTC,3780.559104777093,3.6509281257648654e+06
2022-07-05 00:00:00.000 UTC,-7458.289175097272,3.643469836589768e+06
2022-07-06 00:00:00.000 UTC,594.5597068236162,3.6440643962965915e+06
2022-07-07 00:00:00.000 UTC,-1686.3913169559019,3.6423780049796356e+06
2022-07-08 00:00:00.000 UTC,917.8201504854264,3.643295825130121e+06
2022-07-09 00:00:00.000 UTC,-301.79498986,3.6429940301402607e+06
2022-07-10 00:00:00.000 UTC,-2620.845603371192,3.6403731845368897e+06
2022-07-11 00:00:00.000 UTC,-4127.710302901999,3.6362454742339877e+06
2022-07-12 00:00:00.000 UTC,-1472.1462434444911,3.634773327990543e+06
2022-07-13 00:00:00.000 UTC,1648.9511913143306,3.6364222791818576e+06
2022-07-14 00:00:00.000 UTC,3334.1885203378124,3.6397564677021955e+06
2022-07-15 00:00:00.000 UTC,102241.30707381979,3.7419977747760154e+06
2022-07-16 00:00:00.000 UTC,23947.85749599813,3.7659456322720135e+06
2022-07-17 00:00:00.000 UTC,25868.15582352341,3.7918137880955366e+06
2022-07-18 00:00:00.000 UTC,551.3689510616823,3.7923651570465984e+06
2022-07-19 00:00:00.000 UTC,83.09729734092252,3.7924482543439395e+06
2022-07-20 00:00:00.000 UTC,9067.982908958276,3.8015162372528976e+06
2022-07-21 00:00:00.000 UTC,692.3817433059835,3.8022086189962034e+06
2022-07-22 00:00:00.000 UTC,-3246.6560140452425,3.798961962982158e+06
2022-07-23 00:00:00.000 UTC,4651.3437044794,3.8036133066866375e+06
2022-07-24 00:00:00.000 UTC,4271.0786596289945,3.8078843853462664e+06
2022-07-25 00:00:00.000 UTC,-8472.896360085047,3.7994114889861816e+06
2022-07-26 00:00:00.000 UTC,2461.353654185873,3.8018728426403673e+06
2022-07-27 00:00:00.000 UTC,-889.1653445029078,3.8009836772958646e+06
2022-07-28 00:00:00.000 UTC,-33684.630102370604,3.767299047193494e+06
2022-07-29 00:00:00.000 UTC,-2872.277221566934,3.764426769971927e+06
2022-07-30 00:00:00.000 UTC,-7292.454658269637,3.7571343153136577e+06
2022-07-31 00:00:00.000 UTC,4409.743283895694,3.7615440585975535e+06
2022-08-01 00:00:00.000 UTC,369.1976813081801,3.761913256278862e+06
2022-08-02 00:00:00.000 UTC,2499.8833678235806,3.764413139646685e+06
2022-08-03 00:00:00.000 UTC,-1396.6436504783105,3.763016495996207e+06
2022-08-04 00:00:00.000 UTC,-5088.343524915617,3.7579281524712914e+06
2022-08-05 00:00:00.000 UTC,-301.7109788823418,3.757626441492409e+06
2022-08-06 00:00:00.000 UTC,4429.933474872576,3.7620563749672817e+06
2022-08-07 00:00:00.000 UTC,-1438.6496152881555,3.7606177253519935e+06
2022-08-08 00:00:00.000 UTC,-1854.0595026384144,3.758763665849355e+06
2022-08-09 00:00:00.000 UTC,-7050.961858170273,3.751712703991185e+06
2022-08-10 00:00:00.000 UTC,-1366.7906890881204,3.750345913302097e+06
2022-08-11 00:00:00.000 UTC,-45495.69611618975,3.704850217185907e+06
2022-08-12 00:00:00.000 UTC,-120.35742066044077,3.7047298597652465e+06
2022-08-13 00:00:00.000 UTC,-6070.49899177739,3.6986593607734693e+06
2022-08-14 00:00:00.000 UTC,889.4063417493016,3.6995487671152186e+06
2022-08-15 00:00:00.000 UTC,-34010.65071762804,3.6655381163975904e+06
2022-08-16 00:00:00.000 UTC,273.1236566236057,3.665811240054214e+06
2022-08-17 00:00:00.000 UTC,-505.3140169829112,3.665305926037231e+06
2022-08-18 00:00:00.000 UTC,-18843.1946384053,3.6464627313988255e+06
2022-08-19 00:00:00.000 UTC,-9670.35992536669,3.636792371473459e+06
2022-08-20 00:00:00.000 UTC,-5427.097659769539,3.6313652738136896e+06
2022-08-21 00:00:00.000 UTC,-12544.119729930899,3.6188211540837586e+06
2022-08-22 00:00:00.000 UTC,31412.21209744903,3.650233366181208e+06
2022-08-23 00:00:00.000 UTC,55461.38944300533,3.7056947556242133e+06
2022-08-24 00:00:00.000 UTC,-26140.233089899586,3.6795545225343136e+06
2022-08-25 00:00:00.000 UTC,13120.388154664106,3.6926749106889777e+06
2022-08-26 00:00:00.000 UTC,1201.5681317946,3.6938764788207724e+06
2022-08-27 00:00:00.000 UTC,714.3696906203713,3.6945908485113927e+06
2022-08-28 00:00:00.000 UTC,-5412.70247930073,3.689178146032092e+06
2022-08-29 00:00:00.000 UTC,22925.74254664911,3.7121038885787413e+06
2022-08-30 00:00:00.000 UTC,1246.3563213957477,3.713350244900137e+06
2022-08-31 00:00:00.000 UTC,1939.898297026928,3.715290143197164e+06
2022-09-01 00:00:00.000 UTC,9431.166649785846,3.7247213098469498e+06
2022-09-02 00:00:00.000 UTC,9137.30671345644,3.733858616560406e+06
2022-09-03 00:00:00.000 UTC,-1090.6541612894684,3.7327679623991167e+06
2022-09-04 00:00:00.000 UTC,-2356.730694503429,3.730411231704613e+06
2022-09-05 00:00:00.000 UTC,-12526.45357696684,3.7178847781276465e+06
2022-09-06 00:00:00.000 UTC,33727.467128295335,3.751612245255942e+06
2022-09-07 00:00:00.000 UTC,6110.24348884126,3.757722488744783e+06
2022-09-08 00:00:00.000 UTC,75997.51266600999,3.833720001410793e+06
2022-09-09 00:00:00.000 UTC,103.67942779852274,3.8338236808385914e+06
2022-09-10 00:00:00.000 UTC,7.2800189236177175,3.833830960857515e+06
2022-09-11 00:00:00.000 UTC,30091.09536569276,3.863922056223208e+06
2022-09-12 00:00:00.000 UTC,8123.826140256675,3.8720458823634647e+06
2022-09-13 00:00:00.000 UTC,-860.1366832370022,3.871185745680228e+06
2022-09-14 00:00:00.000 UTC,-39014.07875007,3.8321716669301577e+06
2022-09-15 00:00:00.000 UTC,-797.3632707940124,3.8313743036593636e+06
2022-09-16 00:00:00.000 UTC,-3275.8140269799987,3.8280984896323835e+06
2022-09-17 00:00:00.000 UTC,16174.094828591951,3.8442725844609756e+06
2022-09-18 00:00:00.000 UTC,-821.449014750855,3.843451135446225e+06
2022-09-19 00:00:00.000 UTC,17430.055835989748,3.8608811912822146e+06
2022-09-20 00:00:00.000 UTC,6121.261787111139,3.8670024530693255e+06
2022-09-21 00:00:00.000 UTC,49123.85865115354,3.9161263117204793e+06
2022-09-22 00:00:00.000 UTC,26954.79618674483,3.943081107907224e+06
2022-09-23 00:00:00.000 UTC,1850.5237969999998,3.944931631704224e+06
2022-09-24 00:00:00.000 UTC,18603.1204936661,3.96353475219789e+06
2022-09-25 00:00:00.000 UTC,-3230.6241246053505,3.960304128073285e+06
2022-09-26 00:00:00.000 UTC,14257.14567180962,3.9745612737450944e+06
2022-09-27 00:00:00.000 UTC,-72496.75855464852,3.902064515190446e+06
2022-09-28 00:00:00.000 UTC,-4781.510494875352,3.8972830046955706e+06
2022-09-29 00:00:00.000 UTC,3967.282030176561,3.901250286725747e+06
2022-09-30 00:00:00.000 UTC,-324.56,3.900925726725747e+06
2022-10-01 00:00:00.000 UTC,-485.97147928339655,3.9004397552464637e+06
2022-10-02 00:00:00.000 UTC,9079.494230100001,3.9095192494765637e+06
2022-10-03 00:00:00.000 UTC,95.37812100000019,3.9096146275975634e+06
2022-10-04 00:00:00.000 UTC,-3136.70498961,3.9064779226079537e+06
2022-10-05 00:00:00.000 UTC,1384.4656791400002,3.9078623882870935e+06
2022-10-06 00:00:00.000 UTC,-1321.02569068,3.9065413625964136e+06
2022-10-07 00:00:00.000 UTC,-328.84469999,3.9062125178964236e+06
2022-10-08 00:00:00.000 UTC,1912.2911737479299,3.9081248090701713e+06
2022-10-09 00:00:00.000 UTC,-449.39216842,3.9076754169017514e+06
2022-10-10 00:00:00.000 UTC,1154.4682532783188,3.9088298851550296e+06
2022-10-11 00:00:00.000 UTC,-7605.896021099999,3.9012239891339294e+06
2022-10-12 00:00:00.000 UTC,1859.5779928674388,3.9030835671267966e+06
2022-10-13 00:00:00.000 UTC,2067.989864065109,3.905151556990862e+06
2022-10-14 00:00:00.000 UTC,1118,3.906269556990862e+06
2022-10-15 00:00:00.000 UTC,-3410.88930514,3.902858667685722e+06
2022-10-16 00:00:00.000 UTC,545.60265652,3.903404270342242e+06
2022-10-17 00:00:00.000 UTC,3494.5481275,3.906898818469742e+06
2022-10-18 00:00:00.000 UTC,17605.79857292,3.9245046170426616e+06
2022-10-19 00:00:00.000 UTC,-1010.7915691000017,3.9234938254735614e+06
2022-10-20 00:00:00.000 UTC,-1678.78795342,3.9218150375201413e+06
2022-10-21 00:00:00.000 UTC,-47.41310929000002,3.9217676244108514e+06
2022-10-22 00:00:00.000 UTC,-375.92669938,3.9213916977114715e+06
2022-10-23 00:00:00.000 UTC,11013.564712759999,3.9324052624242315e+06
2022-10-24 00:00:00.000 UTC,8639.708063078373,3.94104497048731e+06
2022-10-25 00:00:00.000 UTC,-4672.596261705998,3.936372374225604e+06
2022-10-26 00:00:00.000 UTC,-7701.797461998001,3.9286705767636057e+06
2022-10-27 00:00:00.000 UTC,1298.5674806660827,3.929969144244272e+06
2022-10-28 00:00:00.000 UTC,-4596.954300200001,3.9253721899440717e+06
2022-10-29 00:00:00.000 UTC,-3339.119677097995,3.9220330702669737e+06
2022-10-30 00:00:00.000 UTC,1758.511663549191,3.923791581930523e+06
2022-10-31 00:00:00.000 UTC,-78.215,3.923713366930523e+06
2022-11-01 00:00:00.000 UTC,-3711.0035544,3.920002363376123e+06
2022-11-02 00:00:00.000 UTC,-1517.8012790000002,3.918484562097123e+06
2022-11-03 00:00:00.000 UTC,21329.23525262058,3.9398137973497435e+06
2022-11-04 00:00:00.000 UTC,-2871.444355883552,3.93694235299386e+06
2022-11-05 00:00:00.000 UTC,925.2531229339008,3.9378676061167936e+06
2022-11-06 00:00:00.000 UTC,-80.555,3.9377870511167934e+06
2022-11-07 00:00:00.000 UTC,-4056.105899966195,3.933730945216827e+06
2022-11-08 00:00:00.000 UTC,4508.993645816379,3.9382399388626437e+06
2022-11-09 00:00:00.000 UTC,-23445.75689332318,3.9147941819693204e+06
2022-11-10 00:00:00.000 UTC,-9191.63831081331,3.905602543658507e+06
2022-11-11 00:00:00.000 UTC,26411.02724182,3.932013570900327e+06
2022-11-12 00:00:00.000 UTC,-37193.121857340004,3.894820449042987e+06
2022-11-13 00:00:00.000 UTC,-85072.48615907066,3.809747962883916e+06
2022-11-14 00:00:00.000 UTC,-13984.305528461437,3.7957636573554548e+06
2022-11-15 00:00:00.000 UTC,-11112.110959842608,3.784651546395612e+06
2022-11-16 00:00:00.000 UTC,-88.57385203000013,3.784562972543582e+06
2022-11-17 00:00:00.000 UTC,26969.348236567337,3.811532320780149e+06
2022-11-18 00:00:00.000 UTC,16072.573306525965,3.8276048940866753e+06
2022-11-19 00:00:00.000 UTC,-539.9611949999999,3.8270649328916753e+06
2022-11-20 00:00:00.000 UTC,25480.53319121569,3.852545466082891e+06
2022-11-21 00:00:00.000 UTC,5661.439037056612,3.8582069051199476e+06
2022-11-22 00:00:00.000 UTC,-1712.9178456699997,3.8564939872742775e+06
2022-11-23 00:00:00.000 UTC,-1119.9109893700002,3.8553740762849073e+06
2022-11-24 00:00:00.000 UTC,45183.96435702856,3.900558040641936e+06
2022-11-25 00:00:00.000 UTC,1930.931928698401,3.9024889725706344e+06
2022-11-26 00:00:00.000 UTC,-1879.1759660945347,3.9006097966045397e+06
2022-11-27 00:00:00.000 UTC,-7440.957557654081,3.8931688390468857e+06
2022-11-28 00:00:00.000 UTC,-287.7602832940681,3.8928810787635916e+06
2022-11-29 00:00:00.000 UTC,-40.32000000000005,3.8928407587635918e+06
2022-11-30 00:00:00.000 UTC,-2847.7129730000006,3.8899930457905917e+06
2022-12-01 00:00:00.000 UTC,-789.081133,3.8892039646575917e+06
2022-12-02 00:00:00.000 UTC,2732.6448715555307,3.8919366095291474e+06
2022-12-03 00:00:00.000 UTC,-169.26181502,3.8917673477141275e+06
2022-12-04 00:00:00.000 UTC,4912.0375,3.8966793852141276e+06
2022-12-05 00:00:00.000 UTC,-623.172397,3.896056212817128e+06
2022-12-06 00:00:00.000 UTC,8937.504340183796,3.9049937171573117e+06
2022-12-07 00:00:00.000 UTC,2889.906382700704,3.9078836235400126e+06
2022-12-08 00:00:00.000 UTC,15864.184017660002,3.9237478075576727e+06
2022-12-09 00:00:00.000 UTC,-3969.664212,3.9197781433456726e+06
2022-12-10 00:00:00.000 UTC,-4962.791494505542,3.914815351851167e+06
2022-12-11 00:00:00.000 UTC,6952.383533389373,3.9217677353845565e+06
2022-12-12 00:00:00.000 UTC,-69037.6455502499,3.8527300898343064e+06
2022-12-13 00:00:00.000 UTC,-279810.25900532334,3.572919830828983e+06
2022-12-14 00:00:00.000 UTC,60663.99268112754,3.6335838235101104e+06
2022-12-15 00:00:00.000 UTC,1035.59662992522,3.6346194201400355e+06
2022-12-16 00:00:00.000 UTC,-4867.106326804999,3.6297523138132305e+06
2022-12-17 00:00:00.000 UTC,-22747.00907503,3.6070053047382003e+06
2022-12-18 00:00:00.000 UTC,-3092.389887612041,3.6039129148505884e+06
2022-12-19 00:00:00.000 UTC,-1651.8352004145709,3.602261079650174e+06
2022-12-20 00:00:00.000 UTC,-3872.5646640000004,3.5983885149861737e+06
2022-12-21 00:00:00.000 UTC,544.615059,3.5989331300451737e+06
2022-12-22 00:00:00.000 UTC,298.14673664000003,3.5992312767818137e+06
2022-12-23 00:00:00.000 UTC,-2569.978198,3.5966612985838135e+06
2022-12-24 00:00:00.000 UTC,-1249.9974859,3.5954113010979136e+06
2022-12-25 00:00:00.000 UTC,-942.1073348525483,3.594469193763061e+06
2022-12-26 00:00:00.000 UTC,17098.187556999997,3.611567381320061e+06
2022-12-27 00:00:00.000 UTC,4043.3298495199997,3.615610711169581e+06
2022-12-28 00:00:00.000 UTC,24438.790763999998,3.6400495019335807e+06
2022-12-29 00:00:00.000 UTC,6875.033779999999,3.646924535713581e+06
2022-12-30 00:00:00.000 UTC,12535.49363161,3.659460029345191e+06
2022-12-31 00:00:00.000 UTC,153.49560058,3.659613524945771e+06
2023-01-01 00:00:00.000 UTC,608.5345690000001,3.6602220595147707e+06
2023-01-02 00:00:00.000 UTC,15957.202587,3.676179262101771e+06
2023-01-03 00:00:00.000 UTC,27465.707873287156,3.703644969975058e+06
2023-01-04 00:00:00.000 UTC,6641.810485203596,3.7102867804602617e+06
2023-01-05 00:00:00.000 UTC,13313.954363223012,3.723600734823485e+06
2023-01-06 00:00:00.000 UTC,12056.030798273074,3.735656765621758e+06
2023-01-07 00:00:00.000 UTC,-1261.944812059588,3.7343948208096987e+06
2023-01-08 00:00:00.000 UTC,-3924.3261932213427,3.7304704946164773e+06
2023-01-09 00:00:00.000 UTC,13921.410226505386,3.7443919048429825e+06
2023-01-10 00:00:00.000 UTC,-2094.0553388458648,3.7422978495041365e+06
2023-01-11 00:00:00.000 UTC,-51918.56547373613,3.6903792840304e+06
2023-01-12 00:00:00.000 UTC,13147.66143633789,3.703526945466738e+06
2023-01-13 00:00:00.000 UTC,-4165.689761790118,3.699361255704948e+06
2023-01-14 00:00:00.000 UTC,3333.1713553957597,3.702694427060344e+06
2023-01-15 00:00:00.000 UTC,6053.1291509033645,3.708747556211247e+06
2023-01-16 00:00:00.000 UTC,37303.43789086964,3.7460509941021167e+06
2023-01-17 00:00:00.000 UTC,-16650.574594598365,3.7294004195075184e+06
2023-01-18 00:00:00.000 UTC,44207.90686126196,3.7736083263687803e+06
2023-01-19 00:00:00.000 UTC,6436.761229135815,3.7800450875979164e+06
2023-01-20 00:00:00.000 UTC,80416.54009474392,3.8604616276926603e+06
2023-01-21 00:00:00.000 UTC,46296.71564589246,3.906758343338553e+06
2023-01-22 00:00:00.000 UTC,78377.79959485744,3.98513614293341e+06
2023-01-23 00:00:00.000 UTC,-662.2898126643122,3.9844738531207456e+06
2023-01-24 00:00:00.000 UTC,-1563.4278519207655,3.9829104252688247e+06
2023-01-25 00:00:00.000 UTC,-4711.359660917275,3.9781990656079073e+06
2023-01-26 00:00:00.000 UTC,8931.709046637618,3.987130774654545e+06
2023-01-27 00:00:00.000 UTC,21639.60381795458,4.0087703784724995e+06
2023-01-28 00:00:00.000 UTC,222.88904531561639,4.0089932675178153e+06
2023-01-29 00:00:00.000 UTC,23399.087300267445,4.032392354818083e+06
2023-01-30 00:00:00.000 UTC,8091.954917849573,4.0404843097359324e+06
2023-01-31 00:00:00.000 UTC,-35940.197806822755,4.00454411192911e+06
2023-02-01 00:00:00.000 UTC,14884.299497006039,4.019428411426116e+06
2023-02-02 00:00:00.000 UTC,-28295.753940636627,3.991132657485479e+06
2023-02-03 00:00:00.000 UTC,5665.640709167234,3.9967982981946464e+06
2023-02-04 00:00:00.000 UTC,10287.70143582805,4.0070859996304745e+06
2023-02-05 00:00:00.000 UTC,4191.621992477998,4.0112776216229526e+06
2023-02-06 00:00:00.000 UTC,-9431.98738299233,4.0018456342399605e+06
2023-02-07 00:00:00.000 UTC,87516.20503229203,4.0893618392722523e+06
2023-02-08 00:00:00.000 UTC,6007.458803500795,4.0953692980757533e+06
2023-02-09 00:00:00.000 UTC,69104.21097724604,4.1644735090529993e+06
2023-02-10 00:00:00.000 UTC,13915.728033767547,4.178389237086767e+06
2023-02-11 00:00:00.000 UTC,-2918.070939210709,4.175471166147556e+06
2023-02-12 00:00:00.000 UTC,-4039.061518973198,4.171432104628583e+06
2023-02-13 00:00:00.000 UTC,-29084.66058706905,4.142347444041514e+06
2023-02-14 00:00:00.000 UTC,-862.7137648660791,4.141484730276648e+06
2023-02-15 00:00:00.000 UTC,2719.1234225722656,4.1442038536992203e+06
2023-02-16 00:00:00.000 UTC,1682.4766015270143,4.1458863303007474e+06
2023-02-17 00:00:00.000 UTC,-4707.350577982543,4.141178979722765e+06
2023-02-18 00:00:00.000 UTC,-1882.5788047365968,4.1392964009180283e+06
2023-02-19 00:00:00.000 UTC,23195.263352433125,4.1624916642704615e+06
2023-02-20 00:00:00.000 UTC,-1928.4378311299988,4.1605632264393317e+06
2023-02-21 00:00:00.000 UTC,1110.1637870255217,4.161673390226357e+06
2023-02-22 00:00:00.000 UTC,-4188.4949043765155,4.1574848953219806e+06
2023-02-23 00:00:00.000 UTC,28085.99314592238,4.185570888467903e+06
2023-02-24 00:00:00.000 UTC,-5229.844116850902,4.180341044351052e+06
2023-02-25 00:00:00.000 UTC,21291.311413598567,4.201632355764651e+06
2023-02-26 00:00:00.000 UTC,20536.561226167483,4.222168916990818e+06
2023-02-27 00:00:00.000 UTC,-73246.16543342869,4.1489227515573897e+06
2023-02-28 00:00:00.000 UTC,49630.674212908336,4.198553425770298e+06
2023-03-01 00:00:00.000 UTC,30773.351709118608,4.229326777479417e+06
2023-03-02 00:00:00.000 UTC,-11437.877129667657,4.217888900349749e+06
2023-03-03 00:00:00.000 UTC,12085.79329484752,4.229974693644597e+06
2023-03-04 00:00:00.000 UTC,30043.19543696566,4.260017889081563e+06
2023-03-05 00:00:00.000 UTC,14327.847718114426,4.274345736799677e+06
2023-03-06 00:00:00.000 UTC,10180.600407932638,4.28452633720761e+06
2023-03-07 00:00:00.000 UTC,-804.7036295744256,4.283721633578035e+06
2023-03-08 00:00:00.000 UTC,-24733.911636957986,4.258987721941077e+06
2023-03-09 00:00:00.000 UTC,15482.51312102276,4.2744702350621e+06
2023-03-10 00:00:00.000 UTC,-15705.862540381902,4.258764372521718e+06
2023-03-11 00:00:00.000 UTC,-4065.135038225504,4.254699237483492e+06
2023-03-12 00:00:00.000 UTC,8998.396699020013,4.263697634182512e+06
2023-03-13 00:00:00.000 UTC,19152.8431526036,4.282850477335116e+06
2023-03-14 00:00:00.000 UTC,44090.54260045167,4.326941019935568e+06
2023-03-15 00:00:00.000 UTC,14465.007127811441,4.341406027063379e+06
2023-03-16 00:00:00.000 UTC,-14457.615977815833,4.326948411085563e+06
2023-03-17 00:00:00.000 UTC,28449.136080214957,4.3553975471657775e+06
2023-03-18 00:00:00.000 UTC,55768.63337662455,4.411166180542402e+06
2023-03-19 00:00:00.000 UTC,7190.889254955004,4.418357069797357e+06
2023-03-20 00:00:00.000 UTC,-10079.771279972338,4.408277298517385e+06
2023-03-21 00:00:00.000 UTC,2686.164909124498,4.410963463426509e+06
2023-03-22 00:00:00.000 UTC,-3634.5617163843126,4.407328901710125e+06
2023-03-23 00:00:00.000 UTC,29262.70236742106,4.436591604077546e+06
2023-03-24 00:00:00.000 UTC,-7632.732537788099,4.428958871539758e+06
2023-03-25 00:00:00.000 UTC,-3063.5963521626,4.425895275187595e+06
2023-03-26 00:00:00.000 UTC,-1111.089582544002,4.424784185605051e+06
2023-03-27 00:00:00.000 UTC,208697.66323343798,4.633481848838489e+06
2023-03-28 00:00:00.000 UTC,62259.49256311302,4.695741341401601e+06
2023-03-29 00:00:00.000 UTC,24853.73118047513,4.720595072582076e+06
2023-03-30 00:00:00.000 UTC,31740.77102614584,4.752335843608222e+06
2023-03-31 00:00:00.000 UTC,923.2346117700035,4.753259078219992e+06
2023-04-01 00:00:00.000 UTC,26172.79457203843,4.779431872792031e+06
2023-04-02 00:00:00.000 UTC,-4542.522983955148,4.774889349808075e+06
2023-04-03 00:00:00.000 UTC,3179.841939601305,4.778069191747677e+06
2023-04-04 00:00:00.000 UTC,297.14085015001183,4.778366332597827e+06
2023-04-05 00:00:00.000 UTC,3707.803832819074,4.782074136430645e+06
2023-04-06 00:00:00.000 UTC,50.48519377879711,4.782124621624424e+06
2023-04-07 00:00:00.000 UTC,-4118.866416426132,4.778005755207998e+06
2023-04-08 00:00:00.000 UTC,-2281.221803746026,4.775724533404252e+06
2023-04-09 00:00:00.000 UTC,3377.7663427107072,4.779102299746962e+06
2023-04-10 00:00:00.000 UTC,7322.595892961552,4.786424895639923e+06
2023-04-11 00:00:00.000 UTC,-5404.81553314763,4.781020080106776e+06
2023-04-12 00:00:00.000 UTC,-14729.01327598498,4.7662910668307915e+06
2023-04-13 00:00:00.000 UTC,5574.673982175387,4.771865740812967e+06
2023-04-14 00:00:00.000 UTC,11393.734054663997,4.783259474867631e+06
2023-04-15 00:00:00.000 UTC,4556.111154769998,4.7878155860224e+06
2023-04-16 00:00:00.000 UTC,2533.995697303886,4.790349581719704e+06
2023-04-17 00:00:00.000 UTC,-55668.783663351234,4.734680798056353e+06
2023-04-18 00:00:00.000 UTC,-4989.456911553658,4.729691341144799e+06
2023-04-19 00:00:00.000 UTC,1107.4574341801344,4.730798798578979e+06
2023-04-20 00:00:00.000 UTC,2228.7285217238677,4.733027527100704e+06
2023-04-21 00:00:00.000 UTC,15267.495261369055,4.748295022362073e+06
2023-04-22 00:00:00.000 UTC,-1611.612111489998,4.746683410250583e+06
2023-04-23 00:00:00.000 UTC,912.874440382895,4.747596284690966e+06
2023-04-24 00:00:00.000 UTC,-5936.1531284899975,4.741660131562476e+06
2023-04-25 00:00:00.000 UTC,424.2338140024367,4.742084365376478e+06
2023-04-26 00:00:00.000 UTC,9135.29079679057,4.751219656173268e+06
2023-04-27 00:00:00.000 UTC,-13794.852507880003,4.737424803665388e+06
2023-04-28 00:00:00.000 UTC,3180.358674089999,4.740605162339479e+06
2023-04-29 00:00:00.000 UTC,5097.4984991500005,4.745702660838629e+06
2023-04-30 00:00:00.000 UTC,-3375.6542350400005,4.742327006603589e+06
2023-05-01 00:00:00.000 UTC,2964.5991950000002,4.745291605798589e+06
2023-05-02 00:00:00.000 UTC,-6777.7273190000005,4.738513878479589e+06
2023-05-03 00:00:00.000 UTC,-7613.036044788001,4.730900842434801e+06
2023-05-04 00:00:00.000 UTC,2099.0614955682986,4.73299990393037e+06
2023-05-05 00:00:00.000 UTC,-12485.836544319729,4.72051406738605e+06
2023-05-06 00:00:00.000 UTC,17809.9063577684,4.738323973743818e+06
2023-05-07 00:00:00.000 UTC,160882.01128068235,4.8992059850245e+06
2023-05-08 00:00:00.000 UTC,-6395.194828301588,4.892810790196198e+06
2023-05-09 00:00:00.000 UTC,-13114.587799320001,4.879696202396878e+06
2023-05-10 00:00:00.000 UTC,6918.232209899999,4.886614434606778e+06
2023-05-11 00:00:00.000 UTC,20095.012410092408,4.906709447016871e+06
2023-05-12 00:00:00.000 UTC,29768.524881300007,4.93647797189817e+06
2023-05-13 00:00:00.000 UTC,22589.151863954277,4.959067123762124e+06
2023-05-14 00:00:00.000 UTC,-3430.1311403200007,4.955636992621805e+06
2023-05-15 00:00:00.000 UTC,-1285.848096099995,4.954351144525705e+06
2023-05-16 00:00:00.000 UTC,-3796.5932430776265,4.9505545512826275e+06
2023-05-17 00:00:00.000 UTC,-6713.607852276595,4.943840943430351e+06
2023-05-18 00:00:00.000 UTC,15215.579290458587,4.95905652272081e+06
2023-05-19 00:00:00.000 UTC,-9178.84609470383,4.949877676626106e+06
2023-05-20 00:00:00.000 UTC,5335.800305217313,4.955213476931323e+06
2023-05-21 00:00:00.000 UTC,289.7066620000005,4.955503183593323e+06
2023-05-22 00:00:00.000 UTC,-17012.051667859992,4.938491131925464e+06
2023-05-23 00:00:00.000 UTC,8699.233084929994,4.947190365010394e+06
2023-05-24 00:00:00.000 UTC,-6259.007685259996,4.940931357325134e+06
2023-05-25 00:00:00.000 UTC,2887.4531208584604,4.943818810445992e+06
2023-05-26 00:00:00.000 UTC,-9572.275781330725,4.934246534664662e+06
2023-05-27 00:00:00.000 UTC,-3448.7488230000004,4.9307977858416615e+06
2023-05-28 00:00:00.000 UTC,-1911.4152190000004,4.928886370622662e+06
2023-05-29 00:00:00.000 UTC,-544.2388831999998,4.928342131739462e+06
2023-05-30 00:00:00.000 UTC,-1349.7868273999993,4.9269923449120615e+06
2023-05-31 00:00:00.000 UTC,-1142.7048857499976,4.925849640026311e+06
2023-06-01 00:00:00.000 UTC,375.88977393000096,4.926225529800242e+06
2023-06-02 00:00:00.000 UTC,-1853.0889076500002,4.924372440892592e+06
2023-06-03 00:00:00.000 UTC,1333.5502288099979,4.925705991121402e+06
2023-06-04 00:00:00.000 UTC,-62.93190187000005,4.925643059219532e+06
2023-06-05 00:00:00.000 UTC,-50002.9079316,4.875640151287932e+06
2023-06-06 00:00:00.000 UTC,-14576.728240240016,4.861063423047692e+06
2023-06-07 00:00:00.000 UTC,-112945.08507681999,4.7481183379708715e+06
2023-06-08 00:00:00.000 UTC,-9736.848426219001,4.738381489544652e+06
2023-06-09 00:00:00.000 UTC,-4928.54285226,4.733452946692392e+06
2023-06-10 00:00:00.000 UTC,-46649.9321413787,4.686803014551014e+06
2023-06-11 00:00:00.000 UTC,-3710.09243386623,4.683092922117148e+06
2023-06-12 00:00:00.000 UTC,-6133.671511026972,4.676959250606121e+06
2023-06-13 00:00:00.000 UTC,17809.994813939993,4.69476924542006e+06
2023-06-14 00:00:00.000 UTC,-20006.05249943975,4.674763192920621e+06
2023-06-15 00:00:00.000 UTC,-6271.139038713565,4.668492053881907e+06
2023-06-16 00:00:00.000 UTC,-19127.03673957999,4.649365017142327e+06
2023-06-17 00:00:00.000 UTC,-856.1345341728957,4.648508882608154e+06
2023-06-18 00:00:00.000 UTC,2873.220141879925,4.651382102750034e+06
2023-06-19 00:00:00.000 UTC,-538.0336072929258,4.650844069142741e+06
2023-06-20 00:00:00.000 UTC,2747.9215779599995,4.653591990720701e+06
2023-06-21 00:00:00.000 UTC,-18573.188889100005,4.635018801831601e+06
2023-06-22 00:00:00.000 UTC,6018.305279043089,4.641037107110645e+06
2023-06-23 00:00:00.000 UTC,-968.9388030472192,4.640068168307598e+06
2023-06-24 00:00:00.000 UTC,-1886.148162307165,4.6381820201452905e+06
2023-06-25 00:00:00.000 UTC,-3516.2940320000007,4.6346657261132905e+06
2023-06-26 00:00:00.000 UTC,-1277.651764389997,4.6333880743489005e+06
2023-06-27 00:00:00.000 UTC,-2036.854827269999,4.631351219521631e+06
2023-06-28 00:00:00.000 UTC,-3295.535946016661,4.628055683575614e+06
2023-06-29 00:00:00.000 UTC,-94.94968842382764,4.627960733887191e+06
2023-06-30 00:00:00.000 UTC,-9498.97045430476,4.618461763432886e+06
2023-07-01 00:00:00.000 UTC,5488.464412537007,4.623950227845424e+06
2023-07-02 00:00:00.000 UTC,4704.020871689998,4.628654248717113e+06
2023-07-03 00:00:00.000 UTC,-4294.767739399998,4.624359480977713e+06
2023-07-04 00:00:00.000 UTC,7003.883959499999,4.631363364937213e+06
2023-07-05 00:00:00.000 UTC,-4910.706625106986,4.6264526583121065e+06
2023-07-06 00:00:00.000 UTC,237.08141868999974,4.626689739730797e+06
2023-07-07 00:00:00.000 UTC,-4374.831091990003,4.622314908638807e+06
2023-07-08 00:00:00.000 UTC,6349.444974039999,4.628664353612847e+06
2023-07-09 00:00:00.000 UTC,3526.13643133,4.632190490044177e+06
2023-07-10 00:00:00.000 UTC,4822.9323937216905,4.637013422437898e+06
2023-07-11 00:00:00.000 UTC,-13524.61282347,4.623488809614428e+06
2023-07-12 00:00:00.000 UTC,-4388.03776412,4.619100771850308e+06
2023-07-13 00:00:00.000 UTC,-735.6825654000022,4.618365089284908e+06
2023-07-14 00:00:00.000 UTC,21415.458493829123,4.639780547778737e+06
2023-07-15 00:00:00.000 UTC,-375.51050453280186,4.639405037274204e+06
2023-07-16 00:00:00.000 UTC,1363.6940818800012,4.640768731356084e+06
2023-07-17 00:00:00.000 UTC,-812.3540467967814,4.639956377309288e+06
2023-07-18 00:00:00.000 UTC,2818.702747817999,4.642775080057106e+06
2023-07-19 00:00:00.000 UTC,-3930.1978879842936,4.638844882169122e+06
2023-07-20 00:00:00.000 UTC,1029.2650192447745,4.639874147188366e+06
2023-07-21 00:00:00.000 UTC,3240.495974625427,4.643114643162992e+06
2023-07-22 00:00:00.000 UTC,-2744.5795876800003,4.640370063575312e+06
2023-07-23 00:00:00.000 UTC,253.48380177999934,4.640623547377092e+06
2023-07-24 00:00:00.000 UTC,-1239.2641239999994,4.639384283253091e+06
2023-07-25 00:00:00.000 UTC,-5584.19573643,4.633800087516662e+06
2023-07-26 00:00:00.000 UTC,-3348.8636335899996,4.630451223883072e+06
2023-07-27 00:00:00.000 UTC,-6167.482936159997,4.624283740946912e+06
2023-07-28 00:00:00.000 UTC,7206.55432472268,4.631490295271635e+06
2023-07-29 00:00:00.000 UTC,3045.7437706300007,4.634536039042265e+06
2023-07-30 00:00:00.000 UTC,-1297.700297220221,4.633238338745045e+06
2023-07-31 00:00:00.000 UTC,4831.168927399995,4.638069507672445e+06
2023-08-01 00:00:00.000 UTC,1762.629986819874,4.639832137659265e+06
2023-08-02 00:00:00.000 UTC,2177.825825000001,4.642009963484265e+06
2023-08-03 00:00:00.000 UTC,-1212.401945739999,4.640797561538525e+06
2023-08-04 00:00:00.000 UTC,992.1458353300004,4.641789707373855e+06
2023-08-05 00:00:00.000 UTC,-19204.288747599992,4.622585418626254e+06
2023-08-06 00:00:00.000 UTC,-232.75856307941558,4.622352660063175e+06
2023-08-07 00:00:00.000 UTC,-1528.9744863799988,4.620823685576795e+06
2023-08-08 00:00:00.000 UTC,2527.7927986299983,4.623351478375425e+06
2023-08-09 00:00:00.000 UTC,682.8388498599998,4.624034317225285e+06
2023-08-10 00:00:00.000 UTC,1271.31405911,4.625305631284395e+06
2023-08-11 00:00:00.000 UTC,5276.527350337765,4.630582158634733e+06
2023-08-12 00:00:00.000 UTC,34176.208417520014,4.664758367052253e+06
2023-08-13 00:00:00.000 UTC,17224.80763299999,4.681983174685254e+06
2023-08-14 00:00:00.000 UTC,-5516.925692369994,4.676466248992884e+06
2023-08-15 00:00:00.000 UTC,5715.581612409998,4.682181830605294e+06
2023-08-16 00:00:00.000 UTC,6102.362092009997,4.688284192697303e+06
2023-08-17 00:00:00.000 UTC,-1500.3055105208805,4.686783887186782e+06
2023-08-18 00:00:00.000 UTC,14491.668444785435,4.701275555631568e+06
2023-08-19 00:00:00.000 UTC,4147.557199636201,4.705423112831204e+06
2023-08-20 00:00:00.000 UTC,-469.2403784498839,4.7049538724527545e+06
2023-08-21 00:00:00.000 UTC,443.7422263530425,4.705397614679107e+06
2023-08-22 00:00:00.000 UTC,34379.67100230843,4.739777285681416e+06
2023-08-23 00:00:00.000 UTC,2700.9515551599143,4.742478237236576e+06
2023-08-24 00:00:00.000 UTC,-1062.9529047400029,4.741415284331836e+06
2023-08-25 00:00:00.000 UTC,-3348.785545720002,4.738066498786116e+06
2023-08-26 00:00:00.000 UTC,2332.7641548095553,4.740399262940926e+06
2023-08-27 00:00:00.000 UTC,-19.4829037199205,4.740379780037206e+06
2023-08-28 00:00:00.000 UTC,-1028.844749660001,4.739350935287545e+06
2023-08-29 00:00:00.000 UTC,58361.77110630002,4.797712706393845e+06
2023-08-30 00:00:00.000 UTC,907.2366611571174,4.798619943055003e+06
2023-08-31 00:00:00.000 UTC,538.0753243099998,4.799158018379313e+06
2023-09-01 00:00:00.000 UTC,-5756.296320970001,4.793401722058343e+06
2023-09-02 00:00:00.000 UTC,-1773.555632671808,4.7916281664256705e+06
2023-09-03 00:00:00.000 UTC,-193.37912719999986,4.791434787298471e+06
2023-09-04 00:00:00.000 UTC,-281.20701165254377,4.791153580286819e+06
2023-09-05 00:00:00.000 UTC,-1321.15054732,4.7898324297394985e+06
2023-09-06 00:00:00.000 UTC,2562.39586241659,4.792394825601915e+06
2023-09-07 00:00:00.000 UTC,-1662.5619703877092,4.790732263631527e+06
2023-09-08 00:00:00.000 UTC,-11936.444826250005,4.778795818805277e+06
2023-09-09 00:00:00.000 UTC,10484.249847179999,4.789280068652458e+06
2023-09-10 00:00:00.000 UTC,2438.5354535324905,4.79171860410599e+06
2023-09-11 00:00:00.000 UTC,1579.5872689433672,4.793298191374933e+06
2023-09-12 00:00:00.000 UTC,-6155.4086260655695,4.787142782748868e+06
2023-09-13 00:00:00.000 UTC,-32.89790811054468,4.787109884840758e+06
2023-09-14 00:00:00.000 UTC,3232.349482877762,4.790342234323636e+06
2023-09-15 00:00:00.000 UTC,448.93902029000037,4.790791173343926e+06
2023-09-16 00:00:00.000 UTC,8168.750723490288,4.798959924067416e+06
2023-09-17 00:00:00.000 UTC,5176.286860790002,4.804136210928206e+06
2023-09-18 00:00:00.000 UTC,-10631.080966635789,4.793505129961571e+06
2023-09-19 00:00:00.000 UTC,-3886.9896875017002,4.789618140274069e+06
2023-09-20 00:00:00.000 UTC,-4681.61908802,4.784936521186049e+06
2023-09-21 00:00:00.000 UTC,-6558.009929150001,4.778378511256899e+06
2023-09-22 00:00:00.000 UTC,6898.19138409,4.785276702640989e+06
2023-09-23 00:00:00.000 UTC,-1675.3851216799999,4.783601317519309e+06
2023-09-24 00:00:00.000 UTC,-1979.6599755034285,4.781621657543805e+06
2023-09-25 00:00:00.000 UTC,-3610.963274020003,4.778010694269786e+06
2023-09-26 00:00:00.000 UTC,-12414.648825087632,4.765596045444698e+06
2023-09-27 00:00:00.000 UTC,-5092.038613750003,4.760504006830948e+06
2023-09-28 00:00:00.000 UTC,-30211.62144481999,4.730292385386128e+06
2023-09-29 00:00:00.000 UTC,13656.832108541967,4.74394921749467e+06
2023-09-30 00:00:00.000 UTC,-8692.662657609995,4.73525655483706e+06
2023-10-01 00:00:00.000 UTC,3222.7718374800006,4.7384793266745405e+06
2023-10-02 00:00:00.000 UTC,-133.80093164000027,4.738345525742901e+06
2023-10-03 00:00:00.000 UTC,-579.8338350571994,4.737765691907844e+06
2023-10-04 00:00:00.000 UTC,3118.7770141868255,4.74088446892203e+06
2023-10-05 00:00:00.000 UTC,256.9139159599981,4.74114138283799e+06
2023-10-06 00:00:00.000 UTC,2376.1216395499996,4.74351750447754e+06
2023-10-07 00:00:00.000 UTC,1433.49358234,4.74495099805988e+06
2023-10-08 00:00:00.000 UTC,-2370.5065212164764,4.742580491538663e+06
2023-10-09 00:00:00.000 UTC,686.9750690601995,4.743267466607723e+06
2023-10-10 00:00:00.000 UTC,-122.60737487573533,4.743144859232848e+06
2023-10-11 00:00:00.000 UTC,35926.71325353811,4.779071572486386e+06
2023-10-12 00:00:00.000 UTC,-2721.5504071099967,4.776350022079276e+06
2023-10-13 00:00:00.000 UTC,3484.0811352300016,4.779834103214506e+06
2023-10-14 00:00:00.000 UTC,952.1565223557436,4.780786259736862e+06
2023-10-15 00:00:00.000 UTC,-6282.203093390002,4.774504056643472e+06
2023-10-16 00:00:00.000 UTC,25395.499773729993,4.799899556417202e+06
2023-10-17 00:00:00.000 UTC,-39.473459643733804,4.799860082957558e+06
2023-10-18 00:00:00.000 UTC,21948.802298309995,4.821808885255869e+06
2023-10-19 00:00:00.000 UTC,-481.96438729000147,4.821326920868578e+06
2023-10-20 00:00:00.000 UTC,12890.265964839993,4.834217186833418e+06
2023-10-21 00:00:00.000 UTC,-3241.0552208299996,4.830976131612588e+06
2023-10-22 00:00:00.000 UTC,7318.302390617133,4.838294434003205e+06
2023-10-23 00:00:00.000 UTC,29942.34324531001,4.868236777248515e+06
2023-10-24 00:00:00.000 UTC,25100.56897074001,4.893337346219255e+06
2023-10-25 00:00:00.000 UTC,3432.8359898999997,4.896770182209155e+06
2023-10-26 00:00:00.000 UTC,-4392.9343147399995,4.892377247894415e+06
2023-10-27 00:00:00.000 UTC,6209.35485172,4.898586602746135e+06
2023-10-28 00:00:00.000 UTC,-6862.456375427049,4.891724146370708e+06
2023-10-29 00:00:00.000 UTC,-4002.06727935,4.887722079091358e+06
2023-10-30 00:00:00.000 UTC,5844.284373130001,4.893566363464488e+06
2023-10-31 00:00:00.000 UTC,-1067.8049464900032,4.892498558517998e+06
2023-11-01 00:00:00.000 UTC,-430.9270130066784,4.892067631504991e+06
2023-11-02 00:00:00.000 UTC,1876.7553767000027,4.893944386881691e+06
2023-11-03 00:00:00.000 UTC,-1812.4709297700028,4.892131915951922e+06
2023-11-04 00:00:00.000 UTC,-26811.015218007684,4.865320900733914e+06
2023-11-05 00:00:00.000 UTC,-2090.5406296400033,4.863230360104274e+06
2023-11-06 00:00:00.000 UTC,26894.294320701145,4.890124654424975e+06
2023-11-07 00:00:00.000 UTC,3062.362265351034,4.893187016690326e+06
2023-11-08 00:00:00.000 UTC,1622.15396251325,4.894809170652839e+06
2023-11-09 00:00:00.000 UTC,3397.7577012400143,4.898206928354079e+06
2023-11-10 00:00:00.000 UTC,26104.29580803876,4.924311224162118e+06
2023-11-11 00:00:00.000 UTC,2202.9834399500032,4.926514207602068e+06
2023-11-12 00:00:00.000 UTC,-146.67594402603572,4.926367531658042e+06
2023-11-13 00:00:00.000 UTC,-330.4475263599961,4.926037084131682e+06
2023-11-14 00:00:00.000 UTC,5744.863837099998,4.931781947968782e+06
2023-11-15 00:00:00.000 UTC,5355.522127274853,4.937137470096056e+06
2023-11-16 00:00:00.000 UTC,15843.077014886832,4.952980547110943e+06
2023-11-17 00:00:00.000 UTC,54559.47411276674,5.00754002122371e+06
2023-11-18 00:00:00.000 UTC,57778.683839644975,5.065318705063355e+06
2023-11-19 00:00:00.000 UTC,-2686.347196050003,5.062632357867305e+06
2023-11-20 00:00:00.000 UTC,-498.0560701600043,5.062134301797145e+06
2023-11-21 00:00:00.000 UTC,-13578.585184869997,5.048555716612275e+06
2023-11-22 00:00:00.000 UTC,-155820.9561815582,4.892734760430717e+06
2023-11-23 00:00:00.000 UTC,-10293.947687241118,4.882440812743476e+06
2023-11-24 00:00:00.000 UTC,-85485.98137774796,4.796954831365728e+06
2023-11-25 00:00:00.000 UTC,4587.671753199989,4.801542503118928e+06
2023-11-26 00:00:00.000 UTC,-1404.0670857425357,4.800138436033185e+06
2023-11-27 00:00:00.000 UTC,2847.5072787431272,4.802985943311928e+06
2023-11-28 00:00:00.000 UTC,22348.46658331537,4.825334409895243e+06
2023-11-29 00:00:00.000 UTC,-18584.479743959993,4.806749930151283e+06
2023-11-30 00:00:00.000 UTC,-27153.17024213,4.779596759909153e+06
2023-12-01 00:00:00.000 UTC,3743.889672725243,4.783340649581878e+06
2023-12-02 00:00:00.000 UTC,8491.341080868791,4.791831990662747e+06
2023-12-03 00:00:00.000 UTC,33233.181964975374,4.825065172627723e+06
2023-12-04 00:00:00.000 UTC,98128.96291832977,4.923194135546053e+06
2023-12-05 00:00:00.000 UTC,-26919.867339392615,4.896274268206661e+06
2023-12-06 00:00:00.000 UTC,6661.827539840015,4.9029360957465e+06
2023-12-07 00:00:00.000 UTC,54581.55157915856,4.957517647325659e+06
2023-12-08 00:00:00.000 UTC,-1163.782593693235,4.956353864731966e+06
2023-12-09 00:00:00.000 UTC,103.59273274645966,4.956457457464712e+06
2023-12-10 00:00:00.000 UTC,53504.4796899,5.009961937154612e+06
2023-12-11 00:00:00.000 UTC,-3071.9083666117076,5.006890028787999e+06
2023-12-12 00:00:00.000 UTC,-10404.466756999136,4.996485562031e+06
2023-12-13 00:00:00.000 UTC,7496.115206230126,5.00398167723723e+06
2023-12-14 00:00:00.000 UTC,-127.60871419267278,5.003854068523037e+06
2023-12-15 00:00:00.000 UTC,-220.2792398038291,5.003633789283234e+06
2023-12-16 00:00:00.000 UTC,7338.106478599999,5.0109718957618335e+06
2023-12-17 00:00:00.000 UTC,-3494.408203029998,5.0074774875588035e+06
2023-12-18 00:00:00.000 UTC,-5469.6569337600085,5.002007830625043e+06
2023-12-19 00:00:00.000 UTC,53114.53029339235,5.055122360918435e+06
2023-12-20 00:00:00.000 UTC,6068.606518749999,5.061190967437185e+06
2023-12-21 00:00:00.000 UTC,22035.461074615658,5.083226428511801e+06
2023-12-22 00:00:00.000 UTC,12428.49744172045,5.095654925953521e+06
2023-12-23 00:00:00.000 UTC,-2060.4584909749065,5.093594467462546e+06
2023-12-24 00:00:00.000 UTC,4232.388281150001,5.097826855743696e+06
2023-12-25 00:00:00.000 UTC,-4595.873620130005,5.093230982123566e+06
2023-12-26 00:00:00.000 UTC,1883.0435383271688,5.095114025661893e+06
2023-12-27 00:00:00.000 UTC,29532.308589270004,5.1246463342511635e+06
2023-12-28 00:00:00.000 UTC,-6604.013134888635,5.118042321116275e+06
2023-12-29 00:00:00.000 UTC,-2004.796661917706,5.116037524454357e+06
2023-12-30 00:00:00.000 UTC,25362.075131879436,5.141399599586236e+06
2023-12-31 00:00:00.000 UTC,-76.17376167999464,5.1413234258245565e+06
2024-01-01 00:00:00.000 UTC,17371.798163905536,5.158695223988462e+06
2024-01-02 00:00:00.000 UTC,-23905.188528177234,5.134790035460285e+06
2024-01-03 00:00:00.000 UTC,-1757.9766970000346,5.133032058763285e+06
2024-01-04 00:00:00.000 UTC,26524.438176726253,5.159556496940011e+06
2024-01-05 00:00:00.000 UTC,-17599.507843629028,5.141956989096382e+06
2024-01-06 00:00:00.000 UTC,-7442.617615830706,5.134514371480551e+06
2024-01-07 00:00:00.000 UTC,-3049.3458409000013,5.13146502563965e+06
2024-01-08 00:00:00.000 UTC,-10186.358665672378,5.121278666973978e+06
2024-01-09 00:00:00.000 UTC,14309.675658972854,5.135588342632951e+06
2024-01-10 00:00:00.000 UTC,24099.425349722937,5.159687767982674e+06
2024-01-11 00:00:00.000 UTC,41510.16909516,5.201197937077834e+06
2024-01-12 00:00:00.000 UTC,17064.170676857684,5.2182621077546915e+06
2024-01-13 00:00:00.000 UTC,-10897.060847349116,5.207365046907342e+06
2024-01-14 00:00:00.000 UTC,-6184.602514449893,5.2011804443928925e+06
2024-01-15 00:00:00.000 UTC,-50834.68021723007,5.150345764175663e+06
2024-01-16 00:00:00.000 UTC,21600.32777100219,5.171946091946665e+06
2024-01-17 00:00:00.000 UTC,4825.949855085946,5.176772041801752e+06
2024-01-18 00:00:00.000 UTC,4263.766092030011,5.181035807893782e+06
2024-01-19 00:00:00.000 UTC,1219.1216486968096,5.182254929542479e+06
2024-01-20 00:00:00.000 UTC,7235.292521663396,5.189490222064142e+06
2024-01-21 00:00:00.000 UTC,5825.498362902024,5.195315720427044e+06
2024-01-22 00:00:00.000 UTC,11901.954301222995,5.207217674728267e+06
2024-01-23 00:00:00.000 UTC,700.3013473206811,5.207917976075588e+06
2024-01-24 00:00:00.000 UTC,3587.7686505932234,5.211505744726181e+06
2024-01-25 00:00:00.000 UTC,-11835.975650451655,5.199669769075729e+06
2024-01-26 00:00:00.000 UTC,3711.685629089996,5.203381454704819e+06
2024-01-27 00:00:00.000 UTC,3577.2414790982148,5.206958696183917e+06
2024-01-28 00:00:00.000 UTC,-6720.175110799999,5.200238521073117e+06
2024-01-29 00:00:00.000 UTC,-1739.0297176900008,5.198499491355427e+06
2024-01-30 00:00:00.000 UTC,555.7314727778685,5.199055222828205e+06
2024-01-31 00:00:00.000 UTC,3576.908927229999,5.202632131755435e+06
2024-02-01 00:00:00.000 UTC,2868.3490211851095,5.20550048077662e+06
2024-02-02 00:00:00.000 UTC,-2994.5268390100027,5.20250595393761e+06
2024-02-03 00:00:00.000 UTC,-837.8990003722811,5.201668054937237e+06
2024-02-04 00:00:00.000 UTC,4534.675555258003,5.206202730492495e+06
2024-02-05 00:00:00.000 UTC,-4497.270795268074,5.201705459697227e+06
2024-02-06 00:00:00.000 UTC,10903.518496590608,5.212608978193818e+06
2024-02-07 00:00:00.000 UTC,-3294.2459753883013,5.209314732218429e+06
2024-02-08 00:00:00.000 UTC,34520.46965674232,5.243835201875172e+06
2024-02-09 00:00:00.000 UTC,-1919.7369565299996,5.241915464918641e+06
2024-02-10 00:00:00.000 UTC,-272.8890587327842,5.241642575859909e+06
2024-02-11 00:00:00.000 UTC,-441.88064784699964,5.2412006952120615e+06
2024-02-12 00:00:00.000 UTC,-7718.379341119287,5.233482315870943e+06
2024-02-13 00:00:00.000 UTC,-126.37112283999977,5.233355944748103e+06
2024-02-14 00:00:00.000 UTC,-2198.377410256602,5.231157567337846e+06
2024-02-15 00:00:00.000 UTC,1597.8184792823358,5.232755385817129e+06
2024-02-16 00:00:00.000 UTC,-1974.1378571702153,5.230781247959959e+06
2024-02-17 00:00:00.000 UTC,-1151.0339567999981,5.22963021400316e+06
2024-02-18 00:00:00.000 UTC,2857.9441841999997,5.23248815818736e+06
2024-02-19 00:00:00.000 UTC,-1510.0544043654445,5.230978103782994e+06
2024-02-20 00:00:00.000 UTC,3024.803721997574,5.234002907504992e+06
2024-02-21 00:00:00.000 UTC,1801.0234007099498,5.235803930905702e+06
2024-02-22 00:00:00.000 UTC,3698.098576266064,5.239502029481968e+06
2024-02-23 00:00:00.000 UTC,-9072.683883898804,5.230429345598069e+06
2024-02-24 00:00:00.000 UTC,-24367.381013252023,5.206061964584817e+06
2024-02-25 00:00:00.000 UTC,73.8911059806087,5.206135855690798e+06
2024-02-26 00:00:00.000 UTC,-4141.840315840003,5.201994015374958e+06
2024-02-27 00:00:00.000 UTC,4621.345031111108,5.206615360406069e+06
2024-02-28 00:00:00.000 UTC,12708.917931689342,5.219324278337758e+06
2024-02-29 00:00:00.000 UTC,273.4879864300019,5.219597766324188e+06
2024-03-01 00:00:00.000 UTC,2094.0678441156306,5.221691834168303e+06
2024-03-02 00:00:00.000 UTC,7311.378098879121,5.229003212267182e+06
2024-03-03 00:00:00.000 UTC,-2339.506710944348,5.226663705556237e+06
2024-03-04 00:00:00.000 UTC,17534.9476584362,5.2441986532146735e+06
2024-03-05 00:00:00.000 UTC,-2834.4285659168454,5.241364224648757e+06
2024-03-06 00:00:00.000 UTC,-10004.581696487352,5.23135964295227e+06
2024-03-07 00:00:00.000 UTC,22765.32063431669,5.2541249635865865e+06
2024-03-08 00:00:00.000 UTC,3011.5666431001873,5.257136530229687e+06
2024-03-09 00:00:00.000 UTC,-4069.7053446300015,5.253066824885056e+06
2024-03-10 00:00:00.000 UTC,-971.9840489735725,5.252094840836083e+06
2024-03-11 00:00:00.000 UTC,8939.352038720588,5.261034192874803e+06
2024-03-12 00:00:00.000 UTC,357.7887800140161,5.261391981654817e+06
2024-03-13 00:00:00.000 UTC,34074.645003159036,5.295466626657976e+06
2024-03-14 00:00:00.000 UTC,26435.458473638282,5.3219020851316145e+06
2024-03-15 00:00:00.000 UTC,-5283.3958717801725,5.316618689259835e+06
2024-03-16 00:00:00.000 UTC,4105.6966677277815,5.320724385927563e+06
2024-03-17 00:00:00.000 UTC,6866.312615806772,5.32759069854337e+06
2024-03-18 00:00:00.000 UTC,7586.630484552799,5.335177329027923e+06
2024-03-19 00:00:00.000 UTC,4714.183757999999,5.339891512785923e+06
2024-03-20 00:00:00.000 UTC,-9481.346013830389,5.330410166772093e+06
2024-03-21 00:00:00.000 UTC,13211.399801433297,5.343621566573526e+06
2024-03-22 00:00:00.000 UTC,-2084.1960475563974,5.341537370525969e+06
2024-03-23 00:00:00.000 UTC,4523.648398633828,5.346061018924603e+06
2024-03-24 00:00:00.000 UTC,25573.902531761538,5.371634921456365e+06
2024-03-25 00:00:00.000 UTC,9183.22136756037,5.380818142823925e+06
2024-03-26 00:00:00.000 UTC,-3183.559362050004,5.377634583461875e+06
2024-03-27 00:00:00.000 UTC,8568.32224058429,5.38620290570246e+06
2024-03-28 00:00:00.000 UTC,257.6024527576956,5.386460508155217e+06
2024-03-29 00:00:00.000 UTC,481.00142030999996,5.386941509575527e+06
2024-03-30 00:00:00.000 UTC,8490.702175904458,5.395432211751431e+06
2024-03-31 00:00:00.000 UTC,758.8035718157371,5.396191015323247e+06
2024-04-01 00:00:00.000 UTC,12060.442627341952,5.408251457950588e+06
2024-04-02 00:00:00.000 UTC,3039.9301178783207,5.411291388068466e+06
2024-04-03 00:00:00.000 UTC,-7658.503517311576,5.403632884551154e+06
2024-04-04 00:00:00.000 UTC,-25018.3270595649,5.378614557491589e+06
2024-04-05 00:00:00.000 UTC,-5181.299201876791,5.3734332582897125e+06
2024-04-06 00:00:00.000 UTC,-883.1409914310411,5.372550117298282e+06
2024-04-07 00:00:00.000 UTC,656.3339087178415,5.373206451207e+06
2024-04-08 00:00:00.000 UTC,-12517.209079400534,5.360689242127599e+06
2024-04-09 00:00:00.000 UTC,-23594.14497176936,5.33709509715583e+06
2024-04-10 00:00:00.000 UTC,20354.82945211568,5.357449926607946e+06
2024-04-11 00:00:00.000 UTC,415.10359522056024,5.357865030203166e+06
2024-04-12 00:00:00.000 UTC,-6630.872492237795,5.3512341577109285e+06
2024-04-13 00:00:00.000 UTC,-1643.6504671324838,5.349590507243796e+06
2024-04-14 00:00:00.000 UTC,1585.9051924771265,5.351176412436273e+06
2024-04-15 00:00:00.000 UTC,-24115.2275598798,5.3270611848763935e+06
2024-04-16 00:00:00.000 UTC,2341.5296179559336,5.329402714494349e+06
2024-04-17 00:00:00.000 UTC,2317.127519083475,5.331719842013433e+06
2024-04-18 00:00:00.000 UTC,4437.64021201692,5.33615748222545e+06
2024-04-19 00:00:00.000 UTC,528.7792867688004,5.336686261512219e+06
2024-04-20 00:00:00.000 UTC,-6184.567362287324,5.330501694149932e+06
2024-04-21 00:00:00.000 UTC,-770.6176795300003,5.329731076470402e+06
2024-04-22 00:00:00.000 UTC,249.76369263709785,5.329980840163039e+06
2024-04-23 00:00:00.000 UTC,1129.4870435203848,5.3311103272065595e+06
2024-04-24 00:00:00.000 UTC,-1513.4806478141654,5.329596846558745e+06
2024-04-25 00:00:00.000 UTC,5907.5148642306885,5.335504361422976e+06
2024-04-26 00:00:00.000 UTC,-194.23486804642016,5.335310126554929e+06
2024-04-27 00:00:00.000 UTC,3715.030897378274,5.339025157452307e+06
2024-04-28 00:00:00.000 UTC,2026.5767532254722,5.341051734205532e+06
2024-04-29 00:00:00.000 UTC,-16993.62796306882,5.324058106242463e+06
2024-04-30 00:00:00.000 UTC,-4018.601040760528,5.320039505201702e+06
2024-05-01 00:00:00.000 UTC,-4721.681608649997,5.315317823593052e+06
2024-05-02 00:00:00.000 UTC,32592.316066366482,5.347910139659419e+06
2024-05-03 00:00:00.000 UTC,6466.363368243707,5.354376503027663e+06
2024-05-04 00:00:00.000 UTC,-1191.0827053151006,5.353185420322347e+06
2024-05-05 00:00:00.000 UTC,-4846.849702581017,5.348338570619767e+06
2024-05-06 00:00:00.000 UTC,21965.41848309712,5.370303989102864e+06
2024-05-07 00:00:00.000 UTC,-643.0370284,5.3696609520744635e+06
2024-05-08 00:00:00.000 UTC,9168.979879394272,5.378829931953858e+06
2024-05-09 00:00:00.000 UTC,363.9974537348753,5.379193929407593e+06
2024-05-10 00:00:00.000 UTC,-11611.57312719943,5.367582356280394e+06
2024-05-11 00:00:00.000 UTC,15444.192134229997,5.383026548414624e+06
2024-05-12 00:00:00.000 UTC,-1625.7080134219723,5.381400840401202e+06
2024-05-13 00:00:00.000 UTC,13945.647788832035,5.395346488190034e+06
2024-05-14 00:00:00.000 UTC,2354.2402770099998,5.397700728467044e+06
2024-05-15 00:00:00.000 UTC,1614.9207981626678,5.399315649265207e+06
2024-05-16 00:00:00.000 UTC,8577.348839003695,5.407892998104211e+06
2024-05-17 00:00:00.000 UTC,1292.165182117682,5.409185163286328e+06
2024-05-18 00:00:00.000 UTC,-62.903562405636876,5.409122259723922e+06
2024-05-19 00:00:00.000 UTC,-2091.306466373164,5.407030953257549e+06
2024-05-20 00:00:00.000 UTC,6460.748900725681,5.413491702158274e+06
2024-05-21 00:00:00.000 UTC,-25514.3248519054,5.387977377306369e+06
2024-05-22 00:00:00.000 UTC,696.9388366119856,5.388674316142981e+06
2024-05-23 00:00:00.000 UTC,-7411.345588062803,5.381262970554918e+06
2024-05-24 00:00:00.000 UTC,-6233.090809360001,5.375029879745558e+06
2024-05-25 00:00:00.000 UTC,-89.5787315313355,5.374940301014027e+06
2024-05-26 00:00:00.000 UTC,-197.80974599146066,5.374742491268035e+06
2024-05-27 00:00:00.000 UTC,2358.386913111026,5.377100878181146e+06
2024-05-28 00:00:00.000 UTC,-10740.13058526,5.366360747595887e+06
2024-05-29 00:00:00.000 UTC,4187.872436599981,5.3705486200324865e+06
2024-05-30 00:00:00.000 UTC,634.629970349999,5.371183250002837e+06
2024-05-31 00:00:00.000 UTC,23088.835442937983,5.394272085445775e+06
2024-06-01 00:00:00.000 UTC,13910.739408730797,5.408182824854505e+06
2024-06-02 00:00:00.000 UTC,7019.4883178400005,5.415202313172345e+06
2024-06-03 00:00:00.000 UTC,2656.346341806562,5.4178586595141515e+06
2024-06-04 00:00:00.000 UTC,-3150.0033268700063,5.414708656187282e+06
2024-06-05 00:00:00.000 UTC,-6571.018405635687,5.408137637781646e+06
2024-06-06 00:00:00.000 UTC,1796.9083154931413,5.409934546097139e+06
2024-06-07 00:00:00.000 UTC,47514.003353443535,5.457448549450583e+06
2024-06-08 00:00:00.000 UTC,10476.545603675411,5.467925095054259e+06
2024-06-09 00:00:00.000 UTC,2149.8842274542367,5.470074979281713e+06
2024-06-10 00:00:00.000 UTC,-4200.098411059997,5.465874880870653e+06
2024-06-11 00:00:00.000 UTC,4762.429209461439,5.470637310080115e+06
2024-06-12 00:00:00.000 UTC,5870.235557612541,5.476507545637728e+06
2024-06-13 00:00:00.000 UTC,-1741.5636468473167,5.47476598199088e+06
2024-06-14 00:00:00.000 UTC,201.24234667884593,5.474967224337559e+06
2024-06-15 00:00:00.000 UTC,-5133.098351659999,5.469834125985899e+06
2024-06-16 00:00:00.000 UTC,13552.125529099481,5.483386251514998e+06
2024-06-17 00:00:00.000 UTC,657.7122981036482,5.484043963813102e+06
2024-06-18 00:00:00.000 UTC,-9563.50449728659,5.474480459315815e+06
2024-06-19 00:00:00.000 UTC,1373.2335390342369,5.47585369285485e+06
2024-06-20 00:00:00.000 UTC,-757.209432504038,5.4750964834223455e+06
2024-06-21 00:00:00.000 UTC,12317.744419751223,5.487414227842096e+06
2024-06-22 00:00:00.000 UTC,1104.4861194195482,5.488518713961516e+06
2024-06-23 00:00:00.000 UTC,-510.5489192648224,5.48800816504225e+06
2024-06-24 00:00:00.000 UTC,-13281.18899971,5.474726976042541e+06
2024-06-25 00:00:00.000 UTC,24722.64548094068,5.499449621523482e+06
2024-06-26 00:00:00.000 UTC,1923.4140957149648,5.5013730356191965e+06
2024-06-27 00:00:00.000 UTC,-1596.5051287096012,5.499776530490487e+06
2024-06-28 00:00:00.000 UTC,-2905.1053638654594,5.4968714251266215e+06
2024-06-29 00:00:00.000 UTC,4839.28641160199,5.501710711538224e+06
2024-06-30 00:00:00.000 UTC,-2588.9424331196915,5.499121769105104e+06
2024-07-01 00:00:00.000 UTC,-1360.7700000134555,5.49776099910509e+06
2024-07-02 00:00:00.000 UTC,5268.410897169648,5.50302941000226e+06
2024-07-03 00:00:00.000 UTC,-1302.6811542399246,5.50172672884802e+06
2024-07-04 00:00:00.000 UTC,853.0001013279798,5.5025797289493475e+06
2024-07-05 00:00:00.000 UTC,10116.65794580373,5.512696386895151e+06
2024-07-06 00:00:00.000 UTC,4251.700565233434,5.516948087460385e+06
2024-07-07 00:00:00.000 UTC,286.42473506497663,5.517234512195449e+06
2024-07-08 00:00:00.000 UTC,-5805.3534313528,5.511429158764097e+06
2024-07-09 00:00:00.000 UTC,-441.38820150278116,5.510987770562594e+06
2024-07-10 00:00:00.000 UTC,-3111.0744993180347,5.507876696063275e+06
2024-07-11 00:00:00.000 UTC,-2283.79065222848,5.505592905411047e+06
2024-07-12 00:00:00.000 UTC,-3598.705498437862,5.5019941999126095e+06
2024-07-13 00:00:00.000 UTC,4339.864412322035,5.506334064324931e+06
2024-07-14 00:00:00.000 UTC,-1052.2908629429412,5.505281773461988e+06
2024-07-15 00:00:00.000 UTC,-2787.661614679124,5.502494111847309e+06
2024-07-16 00:00:00.000 UTC,-4311.484928129805,5.498182626919179e+06
2024-07-17 00:00:00.000 UTC,440.508277823792,5.498623135197003e+06
2024-07-18 00:00:00.000 UTC,-292.59870150892675,5.498330536495495e+06
2024-07-19 00:00:00.000 UTC,-4078.595647832255,5.494251940847662e+06
2024-07-20 00:00:00.000 UTC,-314.8507309671422,5.4939370901166955e+06
2024-07-21 00:00:00.000 UTC,-2055.791421568434,5.4918812986951275e+06
2024-07-22 00:00:00.000 UTC,-31.972458482632646,5.491849326236645e+06
2024-07-23 00:00:00.000 UTC,4618.855604274302,5.496468181840919e+06
2024-07-24 00:00:00.000 UTC,3046.7136150670217,5.499514895455986e+06
2024-07-25 00:00:00.000 UTC,-402.09354802868074,5.4991128019079575e+06
2024-07-26 00:00:00.000 UTC,-9052.81121511,5.490059990692847e+06
2024-07-27 00:00:00.000 UTC,772.8627196751677,5.490832853412523e+06
2024-07-28 00:00:00.000 UTC,-545.0586605485951,5.490287794751975e+06
2024-07-29 00:00:00.000 UTC,8709.671710166262,5.498997466462141e+06
2024-07-30 00:00:00.000 UTC,10998.84614854,5.509996312610681e+06
2024-07-31 00:00:00.000 UTC,56636.27796043551,5.566632590571117e+06
2024-08-01 00:00:00.000 UTC,-5320.1802841932695,5.561312410286923e+06
2024-08-02 00:00:00.000 UTC,114.06669430542388,5.561426476981228e+06
2024-08-03 00:00:00.000 UTC,-8035.2376674723055,5.553391239313756e+06
2024-08-04 00:00:00.000 UTC,-20540.01053891918,5.532851228774837e+06
2024-08-05 00:00:00.000 UTC,15957.580160031794,5.548808808934869e+06
2024-08-06 00:00:00.000 UTC,18993.057957317098,5.567801866892186e+06
2024-08-07 00:00:00.000 UTC,-4890.9716520933525,5.562910895240093e+06
2024-08-08 00:00:00.000 UTC,424.10484638304297,5.563335000086476e+06
2024-08-09 00:00:00.000 UTC,3895.1184954310947,5.567230118581907e+06
2024-08-10 00:00:00.000 UTC,26904.33240653033,5.594134450988437e+06
2024-08-11 00:00:00.000 UTC,-4688.699928010003,5.589445751060427e+06
2024-08-12 00:00:00.000 UTC,-2418.751082480001,5.587026999977947e+06
2024-08-13 00:00:00.000 UTC,1417.7265722177308,5.588444726550165e+06
2024-08-14 00:00:00.000 UTC,20069.18248983767,5.608513909040002e+06
2024-08-15 00:00:00.000 UTC,4925.181676004748,5.613439090716007e+06
2024-08-16 00:00:00.000 UTC,-2950.377514198837,5.610488713201809e+06
2024-08-17 00:00:00.000 UTC,-1306.5472993332496,5.609182165902476e+06
2024-08-18 00:00:00.000 UTC,3996.425725376206,5.613178591627852e+06
2024-08-19 00:00:00.000 UTC,0.019013663365683442,5.613178610641516e+06
